frame_number,timestamp_seconds,tracker_id,class_id,class_name,confidence,x1,y1,x2,y2,center_x,center_y
1,0.0,1,2,car,0.7819492816925049,1601.0980224609375,238.15237426757812,1827.3211669921875,457.03070068359375,1714.2095947265625,347.59153747558594
1,0.0,2,2,car,0.7771304249763489,1283.892333984375,255.692138671875,1512.2138671875,470.56658935546875,1398.0531005859375,363.1293640136719
1,0.0,3,0,person,0.7562780380249023,637.8103637695312,558.5594482421875,737.677001953125,735.5289306640625,687.7436828613281,647.044189453125
1,0.0,4,2,car,0.7545087337493896,1720.2718505859375,34.0015869140625,1919.1273193359375,246.75718688964844,1819.6995849609375,140.37938690185547
1,0.0,5,2,car,0.7390527725219727,1378.154296875,83.31062316894531,1591.5234375,287.138671875,1484.8388671875,185.22464752197266
1,0.0,6,0,person,0.6726357340812683,109.33740234375,226.56761169433594,190.71578979492188,385.6109619140625,150.02659606933594,306.0892868041992
1,0.0,7,0,person,0.6722238063812256,1792.295654296875,576.0762939453125,1892.2430419921875,746.4088134765625,1842.2693481445312,661.2425537109375
1,0.0,8,2,car,0.6400450468063354,1018.630615234375,194.26025390625,1254.8955078125,450.6153259277344,1136.7630615234375,322.4377899169922
1,0.0,9,0,person,0.6196653842926025,1447.3560791015625,431.1980895996094,1574.371826171875,618.83984375,1510.8639526367188,525.0189666748047
1,0.0,10,0,person,0.5928854942321777,1629.1083984375,558.0528564453125,1715.398681640625,742.4237060546875,1672.2535400390625,650.23828125
1,0.0,11,0,person,0.5909963250160217,722.1359252929688,525.3480834960938,804.5403442382812,699.544189453125,763.338134765625,612.4461364746094
1,0.0,12,0,person,0.5372937917709351,240.20663452148438,462.4893493652344,313.728271484375,621.8663330078125,276.9674530029297,542.1778411865234
1,0.0,13,2,car,0.5233544707298279,1502.09716796875,1.405242919921875,1701.8836669921875,111.13909912109375,1601.9904174804688,56.27217102050781
1,0.0,14,9,traffic light,0.5144519805908203,1797.269287109375,804.849365234375,1838.29736328125,913.231689453125,1817.7833251953125,859.04052734375
1,0.0,15,2,car,0.5022804737091064,679.2559204101562,259.630126953125,939.5423583984375,518.0025634765625,809.3991394042969,388.81634521484375
1,0.0,16,0,person,0.5003374814987183,608.1242065429688,505.03692626953125,665.8223876953125,690.5928955078125,636.9732971191406,597.8149108886719
1,0.0,17,0,person,0.5000269412994385,97.29338836669922,410.5644836425781,176.85128784179688,578.8463134765625,137.07233810424805,494.7053985595703
2,0.03333333333333333,2,2,car,0.780734658241272,1280.3046875,256.06732177734375,1510.701171875,471.4332275390625,1395.5029296875,363.7502746582031
2,0.03333333333333333,4,2,car,0.7563707232475281,1720.875732421875,33.896209716796875,1919.2554931640625,246.45872497558594,1820.0656127929688,140.1774673461914
2,0.03333333333333333,1,2,car,0.7499083280563354,1600.74609375,238.98565673828125,1827.038818359375,458.1966247558594,1713.8924560546875,348.5911407470703
2,0.03333333333333333,5,2,car,0.7373925447463989,1377.87158203125,83.7718505859375,1591.9052734375,288.07257080078125,1484.888427734375,185.92221069335938
2,0.03333333333333333,8,2,car,0.7162042260169983,1017.0404663085938,193.44351196289062,1256.734375,447.0323181152344,1136.8874206542969,320.2379150390625
2,0.03333333333333333,16,0,person,0.6686877608299255,600.979736328125,551.7894287109375,665.0413818359375,729.4183959960938,633.0105590820312,640.6039123535156
2,0.03333333333333333,6,0,person,0.6532787084579468,124.08808135986328,221.50222778320312,199.86773681640625,384.05401611328125,161.97790908813477,302.7781219482422
2,0.03333333333333333,15,2,car,0.5791635513305664,680.1910400390625,272.22564697265625,938.8626708984375,522.7369995117188,809.52685546875,397.4813232421875
2,0.03333333333333333,3,0,person,0.5273109674453735,649.7623901367188,502.34326171875,721.7947998046875,688.9384765625,685.7785949707031,595.640869140625
2,0.03333333333333333,13,2,car,0.5249707102775574,1502.084228515625,1.3876876831054688,1701.5908203125,111.46812438964844,1601.8375244140625,56.42790603637695
3,0.06666666666666667,4,2,car,0.7634277939796448,1720.8936767578125,33.64979553222656,1919.2576904296875,246.11521911621094,1820.07568359375,139.88250732421875
3,0.06666666666666667,6,0,person,0.7462019324302673,134.4305419921875,219.40342712402344,211.7805633544922,380.723876953125,173.10555267333984,300.0636520385742
3,0.06666666666666667,1,2,car,0.7456279993057251,1601.831787109375,237.7602996826172,1826.402587890625,459.77880859375,1714.1171875,348.7695541381836
3,0.06666666666666667,5,2,car,0.7410367727279663,1378.2864990234375,83.53667449951172,1591.9566650390625,288.7579345703125,1485.12158203125,186.1473045349121
3,0.06666666666666667,2,2,car,0.7097654342651367,1290.135986328125,256.1419677734375,1511.989990234375,474.6885681152344,1401.06298828125,365.41526794433594
3,0.06666666666666667,8,2,car,0.6685120463371277,1017.36767578125,193.62918090820312,1258.25830078125,446.4218444824219,1137.81298828125,320.0255126953125
3,0.06666666666666667,15,2,car,0.5974546670913696,681.260986328125,272.365478515625,938.7603759765625,521.71337890625,810.0106811523438,397.0394287109375
3,0.06666666666666667,11,0,person,0.5526832342147827,695.5069580078125,515.9286499023438,775.6546630859375,696.2738647460938,735.580810546875,606.1012573242188
4,0.1,4,2,car,0.769483745098114,1721.118896484375,34.0814208984375,1919.2529296875,246.47085571289062,1820.1859130859375,140.27613830566406
4,0.1,1,2,car,0.7654047012329102,1598.3118896484375,238.70260620117188,1827.8814697265625,461.30035400390625,1713.0966796875,350.00148010253906
4,0.1,2,2,car,0.7621601819992065,1287.4903564453125,255.6455841064453,1513.1964111328125,465.3671875,1400.3433837890625,360.50638580322266
4,0.1,6,0,person,0.7337807416915894,134.57839965820312,219.523681640625,205.65943908691406,381.5050048828125,170.1189193725586,300.51434326171875
4,0.1,5,2,car,0.7268872261047363,1378.05615234375,84.72532653808594,1590.651123046875,287.5036926269531,1484.3536376953125,186.11450958251953
4,0.1,8,2,car,0.7190062999725342,1017.7891845703125,194.0061492919922,1259.105712890625,447.0456848144531,1138.4474487304688,320.52591705322266
4,0.1,15,2,car,0.6199542880058289,678.6607666015625,276.28912353515625,939.3748168945312,521.9630126953125,809.0177917480469,399.1260681152344
4,0.1,10,0,person,0.5298569798469543,1637.5615234375,533.63525390625,1733.216552734375,752.8487548828125,1685.3890380859375,643.2420043945312
4,0.1,12,0,person,0.5205439329147339,223.4376983642578,428.2211608886719,309.44427490234375,621.546875,266.4409866333008,524.8840179443359
5,0.13333333333333333,4,2,car,0.7496886253356934,1721.0797119140625,34.28590393066406,1919.2166748046875,246.68316650390625,1820.148193359375,140.48453521728516
5,0.13333333333333333,6,0,person,0.7322080731391907,134.41622924804688,220.847900390625,206.25901794433594,381.44134521484375,170.3376235961914,301.1446228027344
5,0.13333333333333333,8,2,car,0.7141495943069458,1016.98974609375,194.51907348632812,1259.1544189453125,448.6890563964844,1138.0720825195312,321.60406494140625
5,0.13333333333333333,5,2,car,0.7108126282691956,1378.505859375,83.86515808105469,1592.5638427734375,286.8988037109375,1485.5348510742188,185.3819808959961
5,0.13333333333333333,2,2,car,0.7095316052436829,1285.1044921875,256.3857421875,1511.1943359375,472.8760986328125,1398.1494140625,364.63092041015625
5,0.13333333333333333,1,2,car,0.6972464919090271,1594.656005859375,238.3407440185547,1828.3670654296875,457.64190673828125,1711.5115356445312,347.99132537841797
5,0.13333333333333333,15,2,car,0.5020217895507812,684.470703125,279.95135498046875,939.5352172851562,521.8284912109375,812.0029602050781,400.8899230957031
5,0.13333333333333333,18,0,person,0.5014554262161255,459.39129638671875,28.971221923828125,516.3907470703125,183.95016479492188,487.8910217285156,106.460693359375
6,0.16666666666666666,2,2,car,0.7680284380912781,1278.8260498046875,255.47108459472656,1512.6092529296875,475.8009033203125,1395.7176513671875,365.63599395751953
6,0.16666666666666666,4,2,car,0.7517638206481934,1721.3609619140625,34.31208801269531,1919.244873046875,246.75408935546875,1820.3029174804688,140.53308868408203
6,0.16666666666666666,8,2,car,0.7418103218078613,1017.0810546875,193.53099060058594,1258.9384765625,451.49615478515625,1138.009765625,322.5135726928711
6,0.16666666666666666,5,2,car,0.7254294753074646,1378.3348388671875,83.59085083007812,1592.7073974609375,287.7740478515625,1485.5211181640625,185.6824493408203
6,0.16666666666666666,1,2,car,0.7006288170814514,1601.10693359375,238.80459594726562,1829.494384765625,459.9423522949219,1715.3006591796875,349.37347412109375
6,0.16666666666666666,6,0,person,0.6294286847114563,131.4638671875,215.62847900390625,205.42630004882812,381.1769714355469,168.44508361816406,298.40272521972656
6,0.16666666666666666,15,2,car,0.5932860374450684,681.4070434570312,267.7137145996094,939.7534790039062,521.3768920898438,810.5802612304688,394.54530334472656
6,0.16666666666666666,12,0,person,0.5734167098999023,251.87637329101562,457.644775390625,314.8486328125,621.4244995117188,283.3625030517578,539.5346374511719
6,0.16666666666666666,7,0,person,0.5569555163383484,1782.8206787109375,552.9534301757812,1906.0953369140625,741.1221313476562,1844.4580078125,647.0377807617188
6,0.16666666666666666,19,0,person,0.5269593596458435,1541.5411376953125,555.5294189453125,1610.2188720703125,744.3697509765625,1575.8800048828125,649.9495849609375
6,0.16666666666666666,13,2,car,0.5152745842933655,1502.6253662109375,1.1243362426757812,1702.4296875,111.33734893798828,1602.5275268554688,56.23084259033203
7,0.2,1,2,car,0.7663806080818176,1601.023681640625,238.33680725097656,1827.131103515625,458.55169677734375,1714.077392578125,348.44425201416016
7,0.2,4,2,car,0.7514020204544067,1721.412109375,34.154754638671875,1919.2509765625,246.1747283935547,1820.33154296875,140.16474151611328
7,0.2,5,2,car,0.701259970664978,1378.341552734375,83.70561218261719,1592.008056640625,289.05841064453125,1485.1748046875,186.38201141357422
7,0.2,2,2,car,0.6144574880599976,1284.2274169921875,258.0007019042969,1511.1807861328125,473.621337890625,1397.7041015625,365.81101989746094
7,0.2,8,2,car,0.597529411315918,1017.3887329101562,192.72271728515625,1257.84033203125,449.719482421875,1137.6145324707031,321.2210998535156
7,0.2,6,0,person,0.5906980633735657,129.55368041992188,210.30455017089844,204.68588256835938,381.69989013671875,167.11978149414062,296.0022201538086
7,0.2,18,0,person,0.5345492959022522,469.1424560546875,5.830970764160156,530.451171875,165.64759826660156,499.79681396484375,85.73928451538086
7,0.2,13,2,car,0.5013856887817383,1502.167724609375,1.3511924743652344,1702.16552734375,111.43022155761719,1602.1666259765625,56.39070701599121
8,0.23333333333333334,4,2,car,0.760883629322052,1720.987060546875,33.67829132080078,1919.243408203125,245.74212646484375,1820.115234375,139.71020889282227
8,0.23333333333333334,5,2,car,0.7486767172813416,1378.339111328125,83.58782958984375,1591.851318359375,287.9892883300781,1485.09521484375,185.78855895996094
8,0.23333333333333334,1,2,car,0.6717277765274048,1596.8349609375,238.14637756347656,1828.25390625,467.61029052734375,1712.54443359375,352.87833404541016
8,0.23333333333333334,2,2,car,0.6661908030509949,1283.5599365234375,256.7185974121094,1512.2957763671875,475.272216796875,1397.9278564453125,365.9954071044922
8,0.23333333333333334,8,2,car,0.6648939847946167,1016.78955078125,192.1317901611328,1257.8099365234375,450.43646240234375,1137.2997436523438,321.2841262817383
8,0.23333333333333334,20,0,person,0.6110438704490662,1237.112060546875,550.072265625,1315.028564453125,739.7638549804688,1276.0703125,644.9180603027344
8,0.23333333333333334,15,2,car,0.5323427319526672,681.2904052734375,277.7577209472656,938.449951171875,517.1700439453125,809.8701782226562,397.46388244628906
8,0.23333333333333334,13,2,car,0.5117666721343994,1502.257080078125,1.55841064453125,1701.733642578125,111.32633972167969,1601.995361328125,56.44237518310547
9,0.26666666666666666,4,2,car,0.7594441175460815,1721.651123046875,34.26493835449219,1919.22265625,245.68638610839844,1820.4368896484375,139.9756622314453
9,0.26666666666666666,5,2,car,0.7558568120002747,1378.72900390625,83.26201629638672,1592.516357421875,288.29052734375,1485.6226806640625,185.77627182006836
9,0.26666666666666666,2,2,car,0.7481056451797485,1284.822509765625,255.5291290283203,1513.72607421875,471.69830322265625,1399.2742919921875,363.6137161254883
9,0.26666666666666666,1,2,car,0.705865204334259,1602.282958984375,237.63629150390625,1829.852294921875,466.71185302734375,1716.067626953125,352.174072265625
9,0.26666666666666666,8,2,car,0.6479875445365906,1018.1852416992188,194.24826049804688,1258.6292724609375,453.535400390625,1138.4072570800781,323.89183044433594
9,0.26666666666666666,10,0,person,0.6301256418228149,1630.6171875,555.4301147460938,1735.4296875,754.534423828125,1683.0234375,654.9822692871094
9,0.26666666666666666,12,0,person,0.6245710849761963,244.9720458984375,457.986328125,315.53216552734375,621.439208984375,280.2521057128906,539.7127685546875
9,0.26666666666666666,15,2,car,0.5475838780403137,681.16064453125,277.38409423828125,940.01025390625,517.01220703125,810.58544921875,397.1981506347656
9,0.26666666666666666,13,2,car,0.5023736953735352,1502.542724609375,1.42584228515625,1702.094482421875,111.85345458984375,1602.318603515625,56.6396484375
10,0.3,4,2,car,0.7442219853401184,1722.5244140625,34.84325408935547,1919.193603515625,246.43382263183594,1820.8590087890625,140.6385383605957
10,0.3,5,2,car,0.7127242684364319,1379.330810546875,84.31988525390625,1593.2149658203125,286.85394287109375,1486.2728881835938,185.5869140625
10,0.3,1,2,car,0.7103326320648193,1600.303955078125,238.70013427734375,1827.997314453125,457.2802734375,1714.150634765625,347.9902038574219
10,0.3,14,9,traffic light,0.7017002701759338,1797.6796875,801.7886962890625,1838.712158203125,914.129638671875,1818.1959228515625,857.9591674804688
10,0.3,2,2,car,0.6985682249069214,1292.587646484375,256.48681640625,1514.81103515625,477.1654357910156,1403.6993408203125,366.8261260986328
10,0.3,12,0,person,0.6539177894592285,242.60565185546875,453.78936767578125,316.9425964355469,620.8514404296875,279.7741241455078,537.3204040527344
10,0.3,20,0,person,0.6535673141479492,1210.8968505859375,596.1384887695312,1297.962646484375,770.1824951171875,1254.4297485351562,683.1604919433594
10,0.3,8,2,car,0.6253268122673035,1018.267822265625,194.290283203125,1259.4298095703125,452.6732482910156,1138.8488159179688,323.4817657470703
10,0.3,15,2,car,0.6176939606666565,682.5543212890625,279.5190124511719,941.9261474609375,521.8546142578125,812.240234375,400.6868133544922
11,0.3333333333333333,14,9,traffic light,0.761566698551178,1798.404052734375,803.5118408203125,1838.300537109375,914.400146484375,1818.352294921875,858.9559936523438
11,0.3333333333333333,1,2,car,0.7461493015289307,1601.1939697265625,238.20213317871094,1827.9825439453125,456.95501708984375,1714.5882568359375,347.57857513427734
11,0.3333333333333333,4,2,car,0.7447319626808167,1721.83935546875,34.42559051513672,1919.217529296875,246.91754150390625,1820.5284423828125,140.67156600952148
11,0.3333333333333333,2,2,car,0.7383156418800354,1285.549072265625,256.7030334472656,1512.8243408203125,471.6470947265625,1399.1867065429688,364.17506408691406
11,0.3333333333333333,5,2,car,0.7035611867904663,1378.8544921875,83.73186492919922,1592.5975341796875,286.9033508300781,1485.7260131835938,185.31760787963867
11,0.3333333333333333,8,2,car,0.6426342129707336,1016.4318237304688,194.99720764160156,1257.905517578125,448.6103515625,1137.1686706542969,321.8037796020508
11,0.3333333333333333,12,0,person,0.626918375492096,244.1429901123047,452.5558776855469,320.41912841796875,621.7161865234375,282.2810592651367,537.1360321044922
11,0.3333333333333333,19,0,person,0.6257798075675964,1544.7000732421875,566.0135498046875,1647.4266357421875,749.985595703125,1596.0633544921875,657.9995727539062
11,0.3333333333333333,15,2,car,0.5300930142402649,682.10107421875,282.8841247558594,940.9736938476562,519.93896484375,811.5373840332031,401.4115447998047
12,0.36666666666666664,2,2,car,0.753440797328949,1284.871337890625,256.26043701171875,1514.639892578125,470.8501281738281,1399.755615234375,363.55528259277344
12,0.36666666666666664,4,2,car,0.7462253570556641,1722.1556396484375,33.828369140625,1919.2159423828125,247.0961151123047,1820.685791015625,140.46224212646484
12,0.36666666666666664,1,2,car,0.7407005429267883,1599.904541015625,238.15269470214844,1830.717041015625,454.19085693359375,1715.310791015625,346.1717758178711
12,0.36666666666666664,5,2,car,0.720228374004364,1379.03955078125,84.91928100585938,1592.260009765625,284.97052001953125,1485.6497802734375,184.9449005126953
12,0.36666666666666664,14,9,traffic light,0.6822314262390137,1798.115478515625,804.8345947265625,1838.51513671875,914.0859375,1818.3153076171875,859.4602661132812
12,0.36666666666666664,19,0,person,0.6590815186500549,1514.4407958984375,593.6995849609375,1615.969482421875,781.424560546875,1565.2051391601562,687.5620727539062
12,0.36666666666666664,8,2,car,0.6475582122802734,1018.1317749023438,193.78285217285156,1256.767333984375,446.87200927734375,1137.4495544433594,320.32743072509766
12,0.36666666666666664,12,0,person,0.6121416687965393,258.49310302734375,455.8831787109375,322.64703369140625,622.2031860351562,290.570068359375,539.0431823730469
12,0.36666666666666664,21,0,person,0.591345489025116,554.4483642578125,456.1509704589844,617.2081298828125,620.503662109375,585.8282470703125,538.3273162841797
12,0.36666666666666664,6,0,person,0.5532508492469788,137.60562133789062,187.9002685546875,201.81912231445312,381.89630126953125,169.71237182617188,284.8982849121094
13,0.4,1,2,car,0.7695746421813965,1601.3236083984375,238.61343383789062,1829.5330810546875,450.49786376953125,1715.4283447265625,344.55564880371094
13,0.4,4,2,car,0.7664881348609924,1721.8004150390625,33.93544006347656,1919.2781982421875,246.4310760498047,1820.539306640625,140.18325805664062
13,0.4,2,2,car,0.7535423040390015,1286.6318359375,256.1330261230469,1514.2998046875,476.10845947265625,1400.4658203125,366.12074279785156
13,0.4,5,2,car,0.7425732612609863,1379.03515625,83.91055297851562,1592.478515625,285.25018310546875,1485.7568359375,184.5803680419922
13,0.4,8,2,car,0.6630745530128479,1019.031005859375,194.19383239746094,1256.8681640625,448.8289794921875,1137.9495849609375,321.5114059448242
13,0.4,6,0,person,0.5569468140602112,132.85707092285156,183.53713989257812,200.85333251953125,383.1513977050781,166.8552017211914,283.3442687988281
13,0.4,14,9,traffic light,0.5467315316200256,1798.036865234375,803.208984375,1838.434814453125,913.86474609375,1818.23583984375,858.536865234375
14,0.43333333333333335,4,2,car,0.756926417350769,1721.8084716796875,33.94651794433594,1919.2261962890625,247.21824645996094,1820.517333984375,140.58238220214844
14,0.43333333333333335,10,0,person,0.7224122881889343,1612.2652587890625,606.6447143554688,1718.6187744140625,782.5636596679688,1665.4420166015625,694.6041870117188
14,0.43333333333333335,5,2,car,0.7144720554351807,1379.0335693359375,85.06743621826172,1592.4862060546875,286.6063537597656,1485.7598876953125,185.83689498901367
14,0.43333333333333335,1,2,car,0.6584801077842712,1600.668701171875,239.11978149414062,1830.27294921875,460.7904052734375,1715.4708251953125,349.95509338378906
14,0.43333333333333335,2,2,car,0.631094217300415,1283.5557861328125,257.02093505859375,1514.3609619140625,467.035400390625,1398.9583740234375,362.0281677246094
14,0.43333333333333335,6,0,person,0.6084020733833313,139.69029235839844,217.14678955078125,203.26727294921875,377.61712646484375,171.4787826538086,297.3819580078125
14,0.43333333333333335,14,9,traffic light,0.5905138254165649,1798.4835205078125,804.435546875,1838.2957763671875,913.71728515625,1818.3896484375,859.076416015625
14,0.43333333333333335,12,0,person,0.5753114223480225,248.61964416503906,466.30535888671875,322.25048828125,631.03369140625,285.43506622314453,548.6695251464844
14,0.43333333333333335,21,0,person,0.5341494083404541,523.7945556640625,449.284423828125,624.4073486328125,616.353515625,574.1009521484375,532.8189697265625
14,0.43333333333333335,15,2,car,0.5013225078582764,677.9337158203125,288.5431213378906,939.5570068359375,528.263671875,808.745361328125,408.4033966064453
15,0.4666666666666667,2,2,car,0.7336816787719727,1287.427001953125,256.673828125,1513.754150390625,466.49847412109375,1400.590576171875,361.5861511230469
15,0.4666666666666667,4,2,car,0.7197375297546387,1722.293701171875,35.242401123046875,1919.19580078125,246.77682495117188,1820.7447509765625,141.00961303710938
15,0.4666666666666667,1,2,car,0.7128933668136597,1603.9456787109375,239.18768310546875,1830.2611083984375,457.5401916503906,1717.1033935546875,348.3639373779297
15,0.4666666666666667,5,2,car,0.6924803256988525,1379.448486328125,84.11041259765625,1593.5906982421875,286.306884765625,1486.5195922851562,185.20864868164062
15,0.4666666666666667,6,0,person,0.6885202527046204,136.90359497070312,216.954345703125,202.29620361328125,379.4853515625,169.5998992919922,298.2198486328125
15,0.4666666666666667,17,0,person,0.5413849353790283,89.40735626220703,386.23626708984375,145.03485107421875,549.8541870117188,117.22110366821289,468.04522705078125
15,0.4666666666666667,14,9,traffic light,0.5382435321807861,1797.39404296875,802.6866455078125,1839.1845703125,913.7271728515625,1818.289306640625,858.2069091796875
16,0.5,6,0,person,0.8081409335136414,135.71633911132812,217.4300537109375,203.6600341796875,379.11236572265625,169.6881866455078,298.2712097167969
16,0.5,1,2,car,0.7543573975563049,1602.37744140625,238.49392700195312,1830.591552734375,457.84808349609375,1716.4844970703125,348.17100524902344
16,0.5,4,2,car,0.7497085332870483,1722.019287109375,36.12428283691406,1919.37255859375,246.13778686523438,1820.6959228515625,141.13103485107422
16,0.5,5,2,car,0.7236241102218628,1379.147705078125,84.13726806640625,1593.608154296875,286.29608154296875,1486.3779296875,185.2166748046875
16,0.5,2,2,car,0.6679466366767883,1278.767333984375,256.4767761230469,1514.6099853515625,473.65869140625,1396.6886596679688,365.06773376464844
16,0.5,19,0,person,0.6466658115386963,1518.97900390625,594.390625,1624.2841796875,772.9634399414062,1571.631591796875,683.6770324707031
16,0.5,8,2,car,0.5051656365394592,1016.3289794921875,193.58624267578125,1258.859375,448.8862609863281,1137.5941772460938,321.2362518310547
17,0.5333333333333333,6,0,person,0.801975667476654,138.0923309326172,217.07386779785156,205.13694763183594,379.82513427734375,171.61463928222656,298.44950103759766
17,0.5333333333333333,4,2,car,0.7581107020378113,1723.311767578125,35.94410705566406,1918.201904296875,245.39901733398438,1820.7568359375,140.67156219482422
17,0.5333333333333333,1,2,car,0.7556270956993103,1593.4984130859375,239.54539489746094,1832.5059814453125,462.32891845703125,1713.002197265625,350.9371566772461
17,0.5333333333333333,2,2,car,0.7447468638420105,1288.3143310546875,256.30792236328125,1513.2703857421875,473.7968444824219,1400.7923583984375,365.05238342285156
17,0.5333333333333333,5,2,car,0.728908896446228,1379.3155517578125,84.09426879882812,1593.8997802734375,286.78277587890625,1486.607666015625,185.4385223388672
17,0.5333333333333333,7,0,person,0.719762921333313,1782.50439453125,610.0984497070312,1896.826416015625,776.9259033203125,1839.6654052734375,693.5121765136719
17,0.5333333333333333,11,0,person,0.6421377658843994,600.5180053710938,514.270263671875,681.3106689453125,700.7850341796875,640.9143371582031,607.5276489257812
17,0.5333333333333333,8,2,car,0.5112361907958984,1016.9130249023438,193.52206420898438,1259.336669921875,456.59942626953125,1138.1248474121094,325.0607452392578
18,0.5666666666666667,4,2,car,0.781135082244873,1723.081787109375,35.55512237548828,1919.173828125,246.6566162109375,1821.1278076171875,141.1058692932129
18,0.5666666666666667,1,2,car,0.7750293016433716,1600.5977783203125,239.09390258789062,1830.1673583984375,463.305908203125,1715.382568359375,351.1999053955078
18,0.5666666666666667,6,0,person,0.7331680655479431,136.9178466796875,216.7664337158203,204.7235107421875,379.2479553222656,170.8206787109375,298.00719451904297
18,0.5666666666666667,5,2,car,0.708329439163208,1379.039794921875,85.14491271972656,1593.0849609375,283.5971374511719,1486.0623779296875,184.37102508544922
18,0.5666666666666667,2,2,car,0.6954172253608704,1285.333984375,255.6133575439453,1514.506591796875,478.12799072265625,1399.9202880859375,366.8706741333008
18,0.5666666666666667,11,0,person,0.5702062845230103,565.0658569335938,515.9540405273438,662.6262817382812,702.9947509765625,613.8460693359375,609.4743957519531
18,0.5666666666666667,10,0,person,0.5644583702087402,1617.615234375,581.5281982421875,1697.048583984375,768.7025146484375,1657.3319091796875,675.1153564453125
18,0.5666666666666667,15,7,truck,0.5253633260726929,682.1732177734375,276.67816162109375,939.9293212890625,531.242919921875,811.05126953125,403.9605407714844
18,0.5666666666666667,22,0,person,0.5117268562316895,274.1775207519531,349.27752685546875,327.20001220703125,497.3228759765625,300.6887664794922,423.3002014160156
18,0.5666666666666667,12,0,person,0.5107206702232361,249.0787353515625,464.5342712402344,325.904052734375,631.7275390625,287.49139404296875,548.1309051513672
19,0.6,6,0,person,0.7933767437934875,137.05856323242188,217.23609924316406,205.85902404785156,380.0157470703125,171.45879364013672,298.6259231567383
19,0.6,1,2,car,0.7838207483291626,1600.991455078125,239.6136016845703,1831.269287109375,460.16595458984375,1716.13037109375,349.88977813720703
19,0.6,4,2,car,0.7736690640449524,1724.02587890625,36.218994140625,1919.060302734375,247.0192108154297,1821.5430908203125,141.61910247802734
19,0.6,5,2,car,0.7293787598609924,1378.770263671875,85.45024108886719,1593.0465087890625,284.738037109375,1485.9083862304688,185.0941390991211
19,0.6,2,2,car,0.6494993567466736,1285.5302734375,257.15234375,1515.080078125,475.3644104003906,1400.30517578125,366.2583770751953
19,0.6,8,2,car,0.5488355159759521,1021.7418823242188,192.97064208984375,1256.95654296875,442.2115478515625,1139.3492126464844,317.5910949707031
19,0.6,12,0,person,0.5427150130271912,249.42950439453125,463.1049499511719,323.5965881347656,631.646240234375,286.51304626464844,547.3755950927734
20,0.6333333333333333,1,2,car,0.7945760488510132,1600.2052001953125,239.26890563964844,1830.6610107421875,459.7823486328125,1715.43310546875,349.52562713623047
20,0.6333333333333333,6,0,person,0.7683714628219604,136.92172241210938,216.86631774902344,204.31387329101562,380.54302978515625,170.6177978515625,298.70467376708984
20,0.6333333333333333,4,2,car,0.7563629746437073,1722.63720703125,35.19712829589844,1919.1796875,247.2139892578125,1820.908447265625,141.20555877685547
20,0.6333333333333333,2,2,car,0.748203694820404,1286.23681640625,255.2058563232422,1512.755126953125,475.56488037109375,1399.4959716796875,365.38536834716797
20,0.6333333333333333,5,2,car,0.7297353744506836,1379.3829345703125,85.38468933105469,1593.892578125,286.54156494140625,1486.6377563476562,185.96312713623047
20,0.6333333333333333,15,2,car,0.6061075925827026,680.5997314453125,265.62408447265625,939.0626220703125,517.678955078125,809.8311767578125,391.6515197753906
20,0.6333333333333333,17,0,person,0.5620801448822021,88.99545288085938,415.5794677734375,155.66632080078125,579.6751098632812,122.33088684082031,497.6272888183594
20,0.6333333333333333,12,0,person,0.5189949870109558,249.63565063476562,462.54388427734375,326.4033508300781,631.7320556640625,288.0195007324219,547.1379699707031
21,0.6666666666666666,1,2,car,0.7744671106338501,1600.6962890625,239.412353515625,1830.96240234375,461.6344299316406,1715.829345703125,350.5233917236328
21,0.6666666666666666,6,0,person,0.7674393653869629,136.1904296875,216.9595184326172,204.79159545898438,380.3460388183594,170.4910125732422,298.6527786254883
21,0.6666666666666666,4,2,car,0.7589523196220398,1723.52099609375,36.70104217529297,1919.283203125,247.14373779296875,1821.402099609375,141.92238998413086
21,0.6666666666666666,5,2,car,0.6915460228919983,1379.353271484375,84.50326538085938,1593.3720703125,287.515869140625,1486.3626708984375,186.0095672607422
21,0.6666666666666666,7,0,person,0.6742557883262634,1763.01318359375,573.6865234375,1854.952392578125,754.7916259765625,1808.9827880859375,664.2390747070312
21,0.6666666666666666,9,0,person,0.6729888319969177,1449.5546875,489.46160888671875,1537.561767578125,674.621337890625,1493.5582275390625,582.0414733886719
21,0.6666666666666666,8,2,car,0.6223203539848328,1019.2401123046875,194.92831420898438,1258.14404296875,446.0439147949219,1138.6920776367188,320.4861145019531
21,0.6666666666666666,2,2,car,0.6045867800712585,1289.6163330078125,256.839111328125,1516.812255859375,452.44061279296875,1403.2142944335938,354.6398620605469
21,0.6666666666666666,12,0,person,0.5828181505203247,250.03880310058594,461.3249816894531,328.01226806640625,631.8553466796875,289.0255355834961,546.5901641845703
21,0.6666666666666666,10,0,person,0.5763357877731323,1609.085205078125,518.05078125,1684.45947265625,703.5617065429688,1646.7723388671875,610.8062438964844
21,0.6666666666666666,15,2,car,0.5220030546188354,675.733154296875,267.9945373535156,941.9950561523438,518.519775390625,808.8641052246094,393.2571563720703
21,0.6666666666666666,17,0,person,0.5080677270889282,90.82755279541016,434.1122131347656,156.0509033203125,590.3577880859375,123.43922805786133,512.2350006103516
21,0.6666666666666666,22,0,person,0.5058231353759766,274.28753662109375,350.58673095703125,326.652587890625,494.16998291015625,300.4700622558594,422.37835693359375
22,0.7,23,2,car,0.9171789884567261,1454.1304931640625,808.7947998046875,1919.219970703125,1025.3895263671875,1686.6752319335938,917.0921630859375
22,0.7,1,2,car,0.7569659948348999,1599.35302734375,238.20074462890625,1831.259765625,460.5621643066406,1715.306396484375,349.38145446777344
22,0.7,2,2,car,0.7455838322639465,1296.8626708984375,254.88665771484375,1514.5570068359375,469.90264892578125,1405.7098388671875,362.3946533203125
22,0.7,4,2,car,0.7362741231918335,1721.773681640625,34.96460723876953,1918.140380859375,245.79571533203125,1819.95703125,140.3801612854004
22,0.7,5,2,car,0.6852651238441467,1379.741943359375,82.63719177246094,1593.363037109375,288.09130859375,1486.552490234375,185.36425018310547
22,0.7,9,0,person,0.6521450281143188,1507.460693359375,488.92108154296875,1564.077392578125,669.7469482421875,1535.76904296875,579.3340148925781
22,0.7,6,0,person,0.6254597902297974,135.14149475097656,216.1150360107422,221.0274658203125,379.6793518066406,178.08448028564453,297.8971939086914
22,0.7,12,0,person,0.622872531414032,248.9666290283203,462.4135437011719,327.7276611328125,631.1063232421875,288.3471450805664,546.7599334716797
23,0.7333333333333333,23,2,car,0.9207371473312378,1236.2537841796875,809.2893676757812,1811.5543212890625,1022.0608520507812,1523.904052734375,915.6751098632812
23,0.7333333333333333,1,2,car,0.7801509499549866,1598.65966796875,237.90138244628906,1831.069580078125,463.4979248046875,1714.8646240234375,350.6996536254883
23,0.7333333333333333,4,2,car,0.7779805660247803,1722.6602783203125,35.42124938964844,1919.218505859375,247.4717559814453,1820.9393920898438,141.44650268554688
23,0.7333333333333333,24,0,person,0.6954901218414307,590.5505981445312,476.566650390625,671.2383422851562,661.75244140625,630.8944702148438,569.1595458984375
23,0.7333333333333333,2,2,car,0.681952714920044,1299.52880859375,255.77215576171875,1514.475341796875,465.19903564453125,1407.0020751953125,360.485595703125
23,0.7333333333333333,5,2,car,0.6749608516693115,1378.7691650390625,77.1939468383789,1595.5001220703125,289.32281494140625,1487.1346435546875,183.25838088989258
23,0.7333333333333333,6,0,person,0.6309676766395569,134.4964141845703,216.17083740234375,199.434814453125,380.35430908203125,166.96561431884766,298.2625732421875
23,0.7333333333333333,12,0,person,0.6188758015632629,254.01136779785156,462.00042724609375,329.50244140625,628.3955688476562,291.7569046020508,545.197998046875
23,0.7333333333333333,25,0,person,0.5476251244544983,31.82874298095703,541.850341796875,83.10395050048828,710.8880615234375,57.466346740722656,626.3692016601562
23,0.7333333333333333,8,2,car,0.5308079719543457,1017.6544189453125,193.68951416015625,1258.4505615234375,455.0935363769531,1138.052490234375,324.3915252685547
24,0.7666666666666667,23,2,car,0.9414634704589844,1004.9415893554688,804.1558227539062,1578.46875,1015.8250122070312,1291.7051696777344,909.9904174804688
24,0.7666666666666667,14,9,traffic light,0.8610426187515259,1798.545654296875,806.348876953125,1839.426025390625,913.1239013671875,1818.98583984375,859.7363891601562
24,0.7666666666666667,4,2,car,0.8102402091026306,1722.3607177734375,34.586334228515625,1919.1705322265625,247.16812133789062,1820.765625,140.87722778320312
24,0.7666666666666667,5,2,car,0.7691640853881836,1379.0672607421875,79.52072143554688,1593.150146484375,288.57415771484375,1486.1087036132812,184.0474395751953
24,0.7666666666666667,1,2,car,0.7343373894691467,1600.171142578125,237.96502685546875,1832.55322265625,459.8096008300781,1716.3621826171875,348.88731384277344
24,0.7666666666666667,2,2,car,0.6875461935997009,1301.4447021484375,255.0074462890625,1514.15869140625,470.8501281738281,1407.8016967773438,362.9287872314453
24,0.7666666666666667,6,0,person,0.6650809645652771,133.83706665039062,216.013916015625,198.42022705078125,380.11639404296875,166.12864685058594,298.0651550292969
24,0.7666666666666667,24,0,person,0.607291042804718,574.1820068359375,422.55596923828125,667.4387817382812,658.2841796875,620.8103942871094,540.4200744628906
24,0.7666666666666667,10,0,person,0.5869573354721069,1584.277587890625,483.5350341796875,1649.958251953125,668.4638671875,1617.117919921875,575.9994506835938
24,0.7666666666666667,25,0,person,0.5863009095191956,42.806095123291016,539.072021484375,100.93233489990234,713.2276611328125,71.86921501159668,626.1498413085938
24,0.7666666666666667,8,2,car,0.5850043296813965,1016.2908325195312,194.59300231933594,1257.682373046875,450.9331970214844,1136.9866027832031,322.76309967041016
24,0.7666666666666667,15,7,truck,0.581632673740387,677.853515625,284.2781677246094,942.1078491210938,521.1853637695312,809.9806823730469,402.7317657470703
25,0.8,23,2,car,0.9338399767875671,768.09375,799.1292114257812,1339.7633056640625,1012.6517944335938,1053.9285278320312,905.8905029296875
25,0.8,14,9,traffic light,0.8716540932655334,1798.5274658203125,807.186279296875,1839.1314697265625,912.8857421875,1818.8294677734375,860.0360107421875
25,0.8,4,2,car,0.7815951108932495,1722.362548828125,33.91630554199219,1919.200927734375,247.3509063720703,1820.78173828125,140.63360595703125
25,0.8,1,2,car,0.7281642556190491,1600.486083984375,239.01919555664062,1831.5791015625,459.10528564453125,1716.0325927734375,349.06224060058594
25,0.8,5,2,car,0.7157630920410156,1379.943603515625,84.41748046875,1592.715087890625,287.6452331542969,1486.329345703125,186.03135681152344
25,0.8,6,0,person,0.6531948447227478,134.57972717285156,215.96969604492188,198.89707946777344,379.7961730957031,166.7384033203125,297.8829345703125
25,0.8,12,0,person,0.6227152347564697,262.4495849609375,506.17095947265625,332.7673645019531,686.392333984375,297.6084747314453,596.2816467285156
25,0.8,25,0,person,0.6004640460014343,48.46849822998047,539.7420654296875,107.04547119140625,710.7091064453125,77.75698471069336,625.2255859375
25,0.8,8,2,car,0.5570434927940369,1016.3353271484375,193.28114318847656,1260.15869140625,461.11810302734375,1138.2470092773438,327.19962310791016
25,0.8,2,2,car,0.5261332988739014,1295.822998046875,255.1892852783203,1514.73583984375,487.66705322265625,1405.2794189453125,371.4281692504883
26,0.8333333333333334,23,2,car,0.9188605546951294,518.1976318359375,811.806884765625,1087.75244140625,1003.4461669921875,802.9750366210938,907.6265258789062
26,0.8333333333333334,14,9,traffic light,0.7951166033744812,1799.23046875,805.5635375976562,1839.7724609375,913.7576293945312,1819.50146484375,859.6605834960938
26,0.8333333333333334,4,2,car,0.7934824824333191,1724.46826171875,34.71002197265625,1919.132080078125,247.62355041503906,1821.8001708984375,141.16678619384766
26,0.8333333333333334,1,2,car,0.7254055142402649,1600.0799560546875,239.78125,1831.05908203125,457.8023986816406,1715.5695190429688,348.7918243408203
26,0.8333333333333334,5,2,car,0.7215895652770996,1380.2508544921875,82.20529174804688,1592.337646484375,287.4819030761719,1486.2942504882812,184.84359741210938
26,0.8333333333333334,12,0,person,0.6262222528457642,207.20347595214844,506.12359619140625,313.43560791015625,683.5562133789062,260.31954193115234,594.8399047851562
26,0.8333333333333334,6,0,person,0.6032747626304626,135.3636016845703,216.68861389160156,199.2861785888672,380.0629577636719,167.32489013671875,298.3757858276367
26,0.8333333333333334,8,2,car,0.5462800860404968,1019.362060546875,192.76235961914062,1259.075439453125,452.1823425292969,1139.21875,322.47235107421875
26,0.8333333333333334,15,2,car,0.5373616814613342,682.3676147460938,282.4355163574219,942.443115234375,511.9065856933594,812.4053649902344,397.1710510253906
27,0.8666666666666667,23,2,car,0.9129149913787842,263.6910095214844,792.1301879882812,830.1538696289062,999.2883911132812,546.9224395751953,895.7092895507812
27,0.8666666666666667,14,9,traffic light,0.8353749513626099,1798.460205078125,804.6822509765625,1839.22216796875,913.8101806640625,1818.8411865234375,859.2462158203125
27,0.8666666666666667,4,2,car,0.7988522052764893,1723.3802490234375,33.541786193847656,1919.2569580078125,247.2203369140625,1821.318603515625,140.38106155395508
27,0.8666666666666667,1,2,car,0.7906171679496765,1600.7493896484375,238.66375732421875,1831.6439208984375,459.7989807128906,1716.1966552734375,349.2313690185547
27,0.8666666666666667,5,2,car,0.7312065362930298,1380.7847900390625,83.771484375,1593.885009765625,283.5771484375,1487.3348999023438,183.67431640625
27,0.8666666666666667,8,2,car,0.5804783701896667,1017.9321899414062,193.33566284179688,1257.851806640625,454.0214538574219,1137.8919982910156,323.6785583496094
27,0.8666666666666667,26,0,person,0.5704197883605957,27.402969360351562,561.05224609375,84.87080383300781,747.275634765625,56.13688659667969,654.1639404296875
27,0.8666666666666667,2,2,car,0.5586195588111877,1285.3370361328125,255.29690551757812,1535.52783203125,479.8677978515625,1410.4324340820312,367.5823516845703
27,0.8666666666666667,24,0,person,0.5415164828300476,587.245361328125,421.7420654296875,657.146484375,606.8472290039062,622.1959228515625,514.2946472167969
27,0.8666666666666667,6,0,person,0.5325660109519958,135.79910278320312,216.50404357910156,200.05926513671875,380.7772521972656,167.92918395996094,298.6406478881836
28,0.9,23,2,car,0.8868077397346497,0.68316650390625,792.9830932617188,562.1689453125,995.3483276367188,281.4260559082031,894.1657104492188
28,0.9,14,9,traffic light,0.8092440366744995,1799.4912109375,806.0042724609375,1839.297607421875,913.87353515625,1819.3944091796875,859.9389038085938
28,0.9,5,2,car,0.7733463048934937,1379.591064453125,81.6917953491211,1594.882080078125,282.4020690917969,1487.236572265625,182.04693222045898
28,0.9,4,2,car,0.7709518074989319,1723.06103515625,33.379417419433594,1919.257568359375,246.5704345703125,1821.1593017578125,139.97492599487305
28,0.9,2,2,car,0.7381958365440369,1286.17333984375,255.25668334960938,1514.04150390625,470.9315185546875,1400.107421875,363.09410095214844
28,0.9,1,2,car,0.7304171919822693,1586.59912109375,237.32899475097656,1832.079833984375,460.7584228515625,1709.3394775390625,349.04370880126953
28,0.9,11,0,person,0.592862069606781,504.6347351074219,536.729736328125,604.5311279296875,738.8303833007812,554.5829315185547,637.7800598144531
28,0.9,8,2,car,0.5874592065811157,1016.1961669921875,192.79115295410156,1258.950439453125,460.66107177734375,1137.5733032226562,326.72611236572266
28,0.9,6,0,person,0.5613980889320374,135.7423095703125,216.78355407714844,201.38223266601562,379.166259765625,168.56227111816406,297.9749069213867
28,0.9,24,0,person,0.5584363341331482,579.1536254882812,411.66766357421875,652.6439208984375,588.9341430664062,615.8987731933594,500.3009033203125
29,0.9333333333333333,2,2,car,0.823835551738739,1286.679443359375,255.14077758789062,1513.9384765625,472.6376953125,1400.3089599609375,363.8892364501953
29,0.9333333333333333,4,2,car,0.7894582152366638,1723.0242919921875,33.960205078125,1919.1353759765625,246.703369140625,1821.079833984375,140.331787109375
29,0.9333333333333333,23,2,car,0.785191535949707,0.776275634765625,788.7793579101562,286.3223876953125,988.8901977539062,143.54933166503906,888.8347778320312
29,0.9333333333333333,5,2,car,0.7597050070762634,1379.604736328125,73.46282958984375,1593.289794921875,286.4799499511719,1486.447265625,179.9713897705078
29,0.9333333333333333,1,2,car,0.7335687279701233,1597.99951171875,237.843994140625,1832.1591796875,462.8193054199219,1715.079345703125,350.33164978027344
29,0.9333333333333333,14,9,traffic light,0.6713853478431702,1798.9940185546875,804.4883422851562,1839.6514892578125,913.6748657226562,1819.32275390625,859.0816040039062
29,0.9333333333333333,8,2,car,0.5920166969299316,1017.8243408203125,193.47216796875,1257.80419921875,447.02484130859375,1137.8142700195312,320.2485046386719
29,0.9333333333333333,6,0,person,0.529193639755249,135.32904052734375,217.4962921142578,200.35350036621094,382.6077575683594,167.84127044677734,300.0520248413086
30,0.9666666666666667,2,2,car,0.8544793128967285,1288.0484619140625,255.90335083007812,1514.8406982421875,472.212890625,1401.444580078125,364.05812072753906
30,0.9666666666666667,4,2,car,0.8063965439796448,1722.9462890625,33.99016571044922,1919.149658203125,247.04464721679688,1821.0479736328125,140.51740646362305
30,0.9666666666666667,5,2,car,0.7888573408126831,1379.84423828125,69.74427795410156,1593.982421875,288.15777587890625,1486.913330078125,178.9510269165039
30,0.9666666666666667,1,2,car,0.7216447591781616,1605.3834228515625,238.323486328125,1832.583251953125,457.69757080078125,1718.9833374023438,348.0105285644531
30,0.9666666666666667,8,2,car,0.5812118649482727,1017.8880615234375,192.83299255371094,1258.1817626953125,448.41387939453125,1138.034912109375,320.6234359741211
30,0.9666666666666667,25,0,person,0.5770096778869629,90.80888366699219,524.7257080078125,172.3302001953125,693.78173828125,131.56954193115234,609.2537231445312
30,0.9666666666666667,6,0,person,0.5742253661155701,135.81024169921875,218.1401824951172,199.65357971191406,382.197021484375,167.7319107055664,300.1686019897461
30,0.9666666666666667,10,0,person,0.5723642706871033,1554.4302978515625,436.7956237792969,1631.9154052734375,592.32177734375,1593.1728515625,514.5587005615234
31,1.0,2,2,car,0.8468363285064697,1287.562255859375,255.83206176757812,1515.380615234375,472.017333984375,1401.471435546875,363.92469787597656
31,1.0,4,2,car,0.8008551001548767,1723.65966796875,33.68934631347656,1919.121826171875,246.9983367919922,1821.3907470703125,140.34384155273438
31,1.0,1,2,car,0.7216635346412659,1604.1829833984375,238.09066772460938,1832.345947265625,473.5370178222656,1718.2644653320312,355.8138427734375
31,1.0,5,2,car,0.6811189651489258,1380.3804931640625,81.67449951171875,1593.2802734375,285.962890625,1486.8303833007812,183.81869506835938
31,1.0,28,0,person,0.6525954604148865,593.7085571289062,560.2496337890625,700.9646606445312,758.6713256835938,647.3366088867188,659.4604797363281
31,1.0,11,0,person,0.5921420454978943,509.19049072265625,573.3173217773438,584.77294921875,749.3426513671875,546.9817199707031,661.3299865722656
31,1.0,8,2,car,0.5637504458427429,1018.4154052734375,193.60894775390625,1259.857666015625,446.1251220703125,1139.1365356445312,319.8670349121094
31,1.0,25,0,person,0.5603880882263184,122.85134887695312,520.6371459960938,172.63873291015625,691.56494140625,147.7450408935547,606.1010437011719
31,1.0,27,0,person,0.5427409410476685,55.775115966796875,551.0447387695312,148.8439178466797,733.8935546875,102.30951690673828,642.4691467285156
31,1.0,6,0,person,0.5139784216880798,136.71958923339844,218.0790252685547,198.79788208007812,380.79595947265625,167.75873565673828,299.43749237060547
31,1.0,7,1,bicycle,0.5069435238838196,1676.9681396484375,633.39306640625,1821.439453125,754.7265625,1749.2037963867188,694.059814453125
32,1.0333333333333334,2,2,car,0.8537574410438538,1286.3836669921875,255.25497436523438,1514.8172607421875,473.5068054199219,1400.6004638671875,364.3808898925781
32,1.0333333333333334,4,2,car,0.8106653094291687,1722.7825927734375,33.813812255859375,1919.1485595703125,247.8307342529297,1820.965576171875,140.82227325439453
32,1.0333333333333334,14,9,traffic light,0.7295421957969666,1798.01953125,806.2630004882812,1839.469482421875,912.8618774414062,1818.7445068359375,859.5624389648438
32,1.0333333333333334,5,2,car,0.7240046262741089,1380.95556640625,84.718505859375,1593.490966796875,285.0882568359375,1487.2232666015625,184.90338134765625
32,1.0333333333333334,25,0,person,0.6570578813552856,111.12052917480469,543.7410888671875,172.10430908203125,722.457763671875,141.61241912841797,633.0994262695312
32,1.0333333333333334,8,2,car,0.6026458740234375,1010.4710693359375,193.01087951660156,1259.5321044921875,443.60504150390625,1135.0015869140625,318.3079605102539
32,1.0333333333333334,13,2,car,0.5305289030075073,1503.8038330078125,1.8138427734375,1704.3028564453125,112.0950927734375,1604.0533447265625,56.9544677734375
33,1.0666666666666667,2,2,car,0.8505573868751526,1285.279541015625,255.36886596679688,1515.5615234375,473.63397216796875,1400.4205322265625,364.5014190673828
33,1.0666666666666667,4,2,car,0.8124386668205261,1723.537353515625,34.394874572753906,1919.1309814453125,247.16793823242188,1821.3341674804688,140.7814064025879
33,1.0666666666666667,5,2,car,0.752387285232544,1380.166015625,84.53750610351562,1593.5771484375,285.36431884765625,1486.87158203125,184.95091247558594
33,1.0666666666666667,14,9,traffic light,0.7078535556793213,1798.297119140625,805.4635620117188,1839.577880859375,913.3357543945312,1818.9375,859.399658203125
33,1.0666666666666667,8,2,car,0.6929433941841125,1019.8857421875,193.1582794189453,1258.9691162109375,448.41357421875,1139.4274291992188,320.78592681884766
33,1.0666666666666667,1,2,car,0.6585607528686523,1600.3428955078125,238.29983520507812,1840.5274658203125,474.046142578125,1720.4351806640625,356.17298889160156
33,1.0666666666666667,13,2,car,0.5694215297698975,1503.716796875,1.6150703430175781,1704.0750732421875,112.21051025390625,1603.8959350585938,56.912790298461914
33,1.0666666666666667,25,0,person,0.5164186358451843,125.74516296386719,539.608154296875,210.89303588867188,719.798095703125,168.31909942626953,629.703125
34,1.1,2,2,car,0.8083261847496033,1284.964111328125,255.84027099609375,1514.917724609375,471.17193603515625,1399.94091796875,363.506103515625
34,1.1,4,2,car,0.7804934978485107,1723.373291015625,33.39777374267578,1919.23681640625,246.75125122070312,1821.3050537109375,140.07451248168945
34,1.1,1,2,car,0.7676411867141724,1599.380126953125,237.6768035888672,1837.5948486328125,463.26934814453125,1718.4874877929688,350.4730758666992
34,1.1,5,2,car,0.7645537257194519,1379.8868408203125,82.86195373535156,1593.696533203125,286.051513671875,1486.7916870117188,184.45673370361328
34,1.1,8,2,car,0.7143185138702393,1019.0211181640625,193.33795166015625,1258.8804931640625,450.1697998046875,1138.9508056640625,321.7538757324219
34,1.1,9,0,person,0.702832043170929,1520.313232421875,471.8418273925781,1575.247314453125,644.7987060546875,1547.7802734375,558.3202667236328
34,1.1,14,9,traffic light,0.6342809796333313,1799.294677734375,805.0341796875,1839.520751953125,913.2802734375,1819.40771484375,859.1572265625
34,1.1,24,0,person,0.5714402198791504,565.9609375,324.6282958984375,638.1761474609375,503.7085876464844,602.0685424804688,414.16844177246094
34,1.1,11,0,person,0.5347456336021423,447.3252868652344,575.4200439453125,533.3475341796875,761.6885986328125,490.33641052246094,668.5543212890625
35,1.1333333333333333,2,2,car,0.8351359963417053,1285.209228515625,255.59133911132812,1515.9290771484375,471.55938720703125,1400.5691528320312,363.5753631591797
35,1.1333333333333333,1,2,car,0.7662088871002197,1598.99609375,238.55580139160156,1827.54736328125,460.8875732421875,1713.271728515625,349.72168731689453
35,1.1333333333333333,8,2,car,0.754431426525116,1018.9058837890625,193.3477020263672,1259.00927734375,446.90997314453125,1138.9575805664062,320.1288375854492
35,1.1333333333333333,4,2,car,0.7533016800880432,1722.99755859375,33.73766326904297,1919.1925048828125,246.75930786132812,1821.0950317382812,140.24848556518555
35,1.1333333333333333,5,2,car,0.7219666838645935,1379.5703125,82.40299987792969,1593.76904296875,286.783447265625,1486.669677734375,184.59322357177734
36,1.1666666666666667,2,2,car,0.8034715056419373,1284.79541015625,255.6688232421875,1513.73828125,470.4370422363281,1399.266845703125,363.0529327392578
36,1.1666666666666667,8,2,car,0.7876740097999573,1018.2548828125,193.7296600341797,1259.091552734375,449.54132080078125,1138.6732177734375,321.63549041748047
36,1.1666666666666667,4,2,car,0.7587653994560242,1722.9312744140625,33.910423278808594,1919.2313232421875,246.8114776611328,1821.081298828125,140.3609504699707
36,1.1666666666666667,1,2,car,0.7494730949401855,1600.022216796875,238.33489990234375,1830.556396484375,459.9540710449219,1715.289306640625,349.1444854736328
36,1.1666666666666667,5,2,car,0.7336999177932739,1378.793701171875,83.77713012695312,1592.8956298828125,285.24658203125,1485.8446655273438,184.51185607910156
37,1.2,2,2,car,0.8456524014472961,1286.726318359375,256.24896240234375,1516.034423828125,469.4366455078125,1401.38037109375,362.8428039550781
37,1.2,1,2,car,0.7645156383514404,1600.2945556640625,239.0397491455078,1832.5286865234375,461.028564453125,1716.41162109375,350.0341567993164
37,1.2,4,2,car,0.7609691619873047,1722.692138671875,33.427825927734375,1919.25439453125,246.67149353027344,1820.9732666015625,140.0496597290039
37,1.2,8,2,car,0.7520129084587097,1018.522705078125,193.58482360839844,1259.2042236328125,445.74310302734375,1138.8634643554688,319.6639633178711
37,1.2,5,2,car,0.7461329102516174,1378.87255859375,83.33800506591797,1593.626953125,286.7193298339844,1486.249755859375,185.02866744995117
37,1.2,24,0,person,0.5574836134910583,574.5419921875,277.2330322265625,652.514404296875,461.1112976074219,613.5281982421875,369.1721649169922
37,1.2,30,2,car,0.5337558388710022,1124.572265625,37.73194885253906,1352.7667236328125,247.17495727539062,1238.6694946289062,142.45345306396484
37,1.2,14,9,traffic light,0.5181602239608765,1799.09765625,805.5443115234375,1840.159423828125,913.2908935546875,1819.6285400390625,859.4176025390625
38,1.2333333333333334,2,2,car,0.8707874417304993,1287.542236328125,255.88909912109375,1515.83544921875,473.8724670410156,1401.6888427734375,364.8807830810547
38,1.2333333333333334,4,2,car,0.7750431299209595,1723.980712890625,34.06647491455078,1919.261474609375,247.82534790039062,1821.62109375,140.9459114074707
38,1.2333333333333334,9,0,person,0.7736348509788513,1470.955810546875,530.9804077148438,1583.802978515625,732.42919921875,1527.37939453125,631.7048034667969
38,1.2333333333333334,1,2,car,0.7654657959938049,1600.09619140625,238.4931640625,1832.270263671875,459.9399719238281,1716.1832275390625,349.21656799316406
38,1.2333333333333334,5,2,car,0.764022707939148,1380.279541015625,84.1006851196289,1594.18408203125,288.2349853515625,1487.2318115234375,186.1678352355957
38,1.2333333333333334,8,2,car,0.7501132488250732,1019.244384765625,193.51441955566406,1259.5489501953125,444.3366394042969,1139.3966674804688,318.92552947998047
38,1.2333333333333334,14,9,traffic light,0.7032323479652405,1799.916015625,806.9313354492188,1839.29833984375,913.6593017578125,1819.607177734375,860.2953186035156
38,1.2333333333333334,15,2,car,0.5688960552215576,682.986083984375,279.9720764160156,942.655029296875,518.561279296875,812.820556640625,399.2666778564453
38,1.2333333333333334,13,2,car,0.5234215259552002,1504.52392578125,0.8963699340820312,1705.1942138671875,113.4188461303711,1604.8590698242188,57.15760803222656
38,1.2333333333333334,24,0,person,0.5039636492729187,583.5382690429688,267.2098083496094,653.1434326171875,440.819091796875,618.3408508300781,354.0144500732422
39,1.2666666666666666,2,2,car,0.8393839001655579,1287.4420166015625,257.3249206542969,1515.1483154296875,470.17364501953125,1401.295166015625,363.74928283691406
39,1.2666666666666666,31,0,person,0.7925494313240051,928.3079223632812,6.91790771484375,1017.6608276367188,176.61941528320312,972.984375,91.76866149902344
39,1.2666666666666666,4,2,car,0.766025722026825,1723.467041015625,33.80479431152344,1919.25439453125,247.086669921875,1821.3607177734375,140.44573211669922
39,1.2666666666666666,1,2,car,0.7570833563804626,1600.012939453125,239.15167236328125,1830.378662109375,457.99127197265625,1715.19580078125,348.57147216796875
39,1.2666666666666666,5,2,car,0.7559879422187805,1379.205078125,83.48529052734375,1593.9912109375,287.4035339355469,1486.59814453125,185.4444122314453
39,1.2666666666666666,8,2,car,0.7397298812866211,1019.2402954101562,193.41128540039062,1259.593994140625,444.8279113769531,1139.4171447753906,319.1195983886719
39,1.2666666666666666,14,9,traffic light,0.6408475041389465,1799.592529296875,805.377685546875,1838.947509765625,913.59375,1819.27001953125,859.4857177734375
39,1.2666666666666666,9,0,person,0.624801754951477,1458.783935546875,528.2239379882812,1521.011474609375,733.163818359375,1489.897705078125,630.6938781738281
39,1.2666666666666666,24,0,person,0.5531739592552185,565.846435546875,253.326416015625,640.0211791992188,442.58441162109375,602.9338073730469,347.9554138183594
39,1.2666666666666666,27,0,person,0.5517529845237732,67.1761703491211,569.7702026367188,142.82725524902344,746.7498779296875,105.00171279907227,658.2600402832031
39,1.2666666666666666,15,2,car,0.5455108284950256,681.2950439453125,282.77056884765625,942.0580444335938,518.1576538085938,811.6765441894531,400.464111328125
39,1.2666666666666666,13,2,car,0.5201930999755859,1504.09814453125,0.7861061096191406,1705.03173828125,112.33181762695312,1604.56494140625,56.55896186828613
40,1.3,2,2,car,0.859021008014679,1287.9781494140625,256.7851867675781,1515.13916015625,470.52392578125,1401.5586547851562,363.65455627441406
40,1.3,5,2,car,0.7749300599098206,1379.688720703125,84.99095153808594,1593.234619140625,285.9344787597656,1486.461669921875,185.46271514892578
40,1.3,8,2,car,0.7741277813911438,1019.71240234375,192.98707580566406,1259.371337890625,444.7162170410156,1139.5418701171875,318.85164642333984
40,1.3,14,9,traffic light,0.7605009078979492,1799.9197998046875,805.6549072265625,1838.9761962890625,913.751953125,1819.447998046875,859.7034301757812
40,1.3,1,2,car,0.7590702176094055,1601.8970947265625,237.74832153320312,1829.7176513671875,458.42559814453125,1715.807373046875,348.0869598388672
40,1.3,4,2,car,0.7566475868225098,1723.0177001953125,33.69202423095703,1919.2489013671875,246.7393341064453,1821.13330078125,140.21567916870117
40,1.3,31,0,person,0.6713843941688538,909.0452880859375,13.057868957519531,980.389404296875,180.60699462890625,944.7173461914062,96.83243179321289
40,1.3,24,0,person,0.6481785774230957,553.9547119140625,234.0271453857422,629.8513793945312,415.993896484375,591.9030456542969,325.0105209350586
40,1.3,15,2,car,0.6024216413497925,691.1488037109375,281.724853515625,942.41015625,516.8502197265625,816.7794799804688,399.28753662109375
40,1.3,13,2,car,0.511216402053833,1504.51416015625,0.6960639953613281,1705.287109375,112.12657165527344,1604.900634765625,56.41131782531738
41,1.3333333333333333,33,2,car,0.8548557758331299,0.85400390625,899.53271484375,446.1361999511719,1077.0992431640625,223.49510192871094,988.3159790039062
41,1.3333333333333333,32,2,car,0.8239253163337708,0.0,715.06640625,514.6475830078125,895.7276000976562,257.32379150390625,805.3970031738281
41,1.3333333333333333,2,2,car,0.8192254304885864,1287.1226806640625,256.92041015625,1514.489501953125,469.1283874511719,1400.8060913085938,363.02439880371094
41,1.3333333333333333,14,9,traffic light,0.8183112144470215,1799.2276611328125,806.0784912109375,1838.9849853515625,913.510498046875,1819.1063232421875,859.7944946289062
41,1.3333333333333333,31,0,person,0.7735271453857422,871.6700439453125,24.526748657226562,947.5911865234375,193.87445068359375,909.630615234375,109.20059967041016
41,1.3333333333333333,8,2,car,0.7565624117851257,1019.4039306640625,192.93516540527344,1258.5125732421875,445.9466552734375,1138.958251953125,319.44091033935547
41,1.3333333333333333,1,2,car,0.7514067888259888,1583.9124755859375,238.28073120117188,1830.1571044921875,460.8822326660156,1707.0347900390625,349.58148193359375
41,1.3333333333333333,4,2,car,0.742171585559845,1723.178466796875,33.25181579589844,1919.2294921875,247.049072265625,1821.2039794921875,140.15044403076172
41,1.3333333333333333,5,2,car,0.733542263507843,1379.36181640625,83.83346557617188,1593.91162109375,285.5602111816406,1486.63671875,184.69683837890625
41,1.3333333333333333,24,0,person,0.5751264691352844,541.923583984375,224.33079528808594,612.175537109375,407.15447998046875,577.049560546875,315.74263763427734
41,1.3333333333333333,26,0,person,0.5447896122932434,36.72889709472656,574.16650390625,88.53623962402344,746.73828125,62.632568359375,660.452392578125
41,1.3333333333333333,9,0,person,0.507048487663269,1470.7822265625,525.0670166015625,1538.56494140625,699.4453125,1504.673583984375,612.2561645507812
42,1.3666666666666667,2,2,car,0.822264552116394,1285.4915771484375,256.0648498535156,1514.4169921875,469.5522766113281,1399.9542846679688,362.8085632324219
42,1.3666666666666667,14,9,traffic light,0.8061437606811523,1799.652587890625,807.0492553710938,1839.280029296875,913.6503295898438,1819.46630859375,860.3497924804688
42,1.3666666666666667,1,2,car,0.8003779649734497,1600.0946044921875,238.63829040527344,1830.6551513671875,458.61871337890625,1715.3748779296875,348.62850189208984
42,1.3666666666666667,4,2,car,0.7480044364929199,1722.7071533203125,33.17388153076172,1919.2620849609375,246.74234008789062,1820.984619140625,139.95811080932617
42,1.3666666666666667,8,2,car,0.7403997182846069,1018.3826904296875,193.3956298828125,1258.8419189453125,450.4510498046875,1138.6123046875,321.92333984375
42,1.3666666666666667,31,0,person,0.7138747572898865,855.898681640625,31.624723434448242,921.287109375,201.93975830078125,888.5928955078125,116.78224086761475
42,1.3666666666666667,5,2,car,0.7132022380828857,1378.53662109375,84.34341430664062,1593.030517578125,285.2124938964844,1485.7835693359375,184.7779541015625
42,1.3666666666666667,24,0,person,0.5863940119743347,524.600341796875,204.88385009765625,599.87109375,387.30364990234375,562.2357177734375,296.09375
42,1.3666666666666667,15,2,car,0.54776930809021,681.19873046875,279.9172668457031,941.8021240234375,524.0853271484375,811.5004272460938,402.0012969970703
42,1.3666666666666667,13,2,car,0.5128429532051086,1503.64404296875,0.83917236328125,1703.68994140625,112.14898681640625,1603.6669921875,56.49407958984375
43,1.4,14,9,traffic light,0.8172049522399902,1799.7264404296875,807.1029052734375,1839.1043701171875,913.46923828125,1819.4154052734375,860.2860717773438
43,1.4,2,2,car,0.7865435481071472,1285.3822021484375,258.7791748046875,1515.4232177734375,472.08441162109375,1400.4027099609375,365.4317932128906
43,1.4,1,2,car,0.7821255922317505,1599.8170166015625,238.89013671875,1830.1468505859375,457.6297302246094,1714.98193359375,348.2599334716797
43,1.4,4,2,car,0.7560034394264221,1723.0147705078125,33.855857849121094,1919.2445068359375,246.87979125976562,1821.129638671875,140.36782455444336
43,1.4,5,2,car,0.7368489503860474,1379.551025390625,85.21221923828125,1593.1673583984375,285.5596923828125,1486.3591918945312,185.38595581054688
43,1.4,9,0,person,0.6916533708572388,1490.01806640625,553.3114013671875,1556.401123046875,735.6754760742188,1523.2095947265625,644.4934387207031
43,1.4,8,2,car,0.6856185793876648,1019.0863037109375,194.2701416015625,1259.5693359375,454.4002685546875,1139.3278198242188,324.335205078125
43,1.4,31,0,person,0.685081958770752,822.7923583984375,47.48704528808594,896.29736328125,212.612060546875,859.5448608398438,130.04955291748047
43,1.4,24,0,person,0.6117531657218933,522.91162109375,187.71267700195312,594.9508056640625,364.5583190917969,558.9312133789062,276.135498046875
43,1.4,15,2,car,0.5855502486228943,683.7046508789062,278.835205078125,941.9474487304688,519.624755859375,812.8260498046875,399.22998046875
43,1.4,26,0,person,0.5233991742134094,16.074548721313477,576.7403564453125,74.63341522216797,746.1102294921875,45.35398197174072,661.42529296875
44,1.4333333333333333,14,9,traffic light,0.8263631463050842,1799.561279296875,806.5702514648438,1839.336181640625,913.3723754882812,1819.44873046875,859.9713134765625
44,1.4333333333333333,2,2,car,0.8069472312927246,1286.086181640625,256.41778564453125,1515.0843505859375,472.7903137207031,1400.5852661132812,364.6040496826172
44,1.4333333333333333,1,2,car,0.7933407425880432,1599.01318359375,238.66827392578125,1831.783447265625,456.380126953125,1715.3983154296875,347.5242004394531
44,1.4333333333333333,4,2,car,0.7745257616043091,1723.5439453125,33.51750183105469,1919.2646484375,246.802734375,1821.404296875,140.16011810302734
44,1.4333333333333333,5,2,car,0.7400791645050049,1379.554443359375,83.69258880615234,1593.998046875,286.1988220214844,1486.7762451171875,184.94570541381836
44,1.4333333333333333,31,0,person,0.7244142293930054,795.4752197265625,62.038673400878906,869.3985595703125,225.38690185546875,832.4368896484375,143.71278762817383
44,1.4333333333333333,8,2,car,0.7215608358383179,1018.9534912109375,193.89431762695312,1259.68310546875,450.618896484375,1139.3182983398438,322.25660705566406
44,1.4333333333333333,15,2,car,0.6521573066711426,682.4622802734375,273.907470703125,942.5064697265625,520.4895629882812,812.484375,397.1985168457031
44,1.4333333333333333,24,0,person,0.6077768802642822,515.8758544921875,177.54830932617188,584.2025756835938,355.8393859863281,550.0392150878906,266.69384765625
44,1.4333333333333333,13,2,car,0.5261430740356445,1503.9759521484375,0.7175559997558594,1704.72802734375,112.8647689819336,1604.3519897460938,56.79116249084473
45,1.4666666666666666,14,9,traffic light,0.8414695262908936,1799.928955078125,806.7626953125,1839.8477783203125,913.8427734375,1819.8883666992188,860.302734375
45,1.4666666666666666,2,2,car,0.7984969615936279,1291.2735595703125,256.00042724609375,1515.279541015625,469.7460021972656,1403.2765502929688,362.8732147216797
45,1.4666666666666666,1,2,car,0.7880605459213257,1599.20458984375,238.57896423339844,1831.2490234375,456.33837890625,1715.226806640625,347.4586715698242
45,1.4666666666666666,4,2,car,0.7695199847221375,1723.836181640625,33.31226348876953,1919.2657470703125,247.34701538085938,1821.5509643554688,140.32963943481445
45,1.4666666666666666,5,2,car,0.7281831502914429,1379.278076171875,84.6445083618164,1593.096435546875,287.2333984375,1486.187255859375,185.9389533996582
45,1.4666666666666666,8,2,car,0.712835967540741,1018.856689453125,193.88214111328125,1259.919189453125,451.2214050292969,1139.387939453125,322.55177307128906
45,1.4666666666666666,24,0,person,0.6624726057052612,500.31134033203125,161.73486328125,572.905517578125,342.6924133300781,536.6084289550781,252.21363830566406
45,1.4666666666666666,31,0,person,0.6401774883270264,773.578125,71.08861541748047,835.6946411132812,228.24449157714844,804.6363830566406,149.66655349731445
45,1.4666666666666666,15,2,car,0.5319179892539978,683.8204345703125,278.2918395996094,942.1221313476562,518.3599853515625,812.9712829589844,398.32591247558594
46,1.5,14,9,traffic light,0.8722355961799622,1800.5921630859375,808.4134521484375,1839.9561767578125,913.132080078125,1820.274169921875,860.7727661132812
46,1.5,2,2,car,0.8329154253005981,1283.0379638671875,256.172119140625,1515.188232421875,470.6109619140625,1399.1130981445312,363.39154052734375
46,1.5,1,2,car,0.7899411916732788,1599.75,238.2223663330078,1830.076904296875,456.9308166503906,1714.9134521484375,347.5765914916992
46,1.5,4,2,car,0.7594414949417114,1723.709228515625,32.959007263183594,1919.265625,247.02749633789062,1821.4874267578125,139.9932518005371
46,1.5,5,2,car,0.7297936677932739,1380.4720458984375,83.50630187988281,1594.1165771484375,286.5207824707031,1487.2943115234375,185.01354217529297
46,1.5,8,2,car,0.7094118595123291,1018.1530151367188,193.50201416015625,1260.8466796875,449.8210144042969,1139.4998474121094,321.66151428222656
46,1.5,24,0,person,0.6635768413543701,499.41412353515625,144.46263122558594,567.8948974609375,323.3971252441406,533.6545104980469,233.92987823486328
46,1.5,31,0,person,0.6401078701019287,742.49365234375,74.17696380615234,815.6826782226562,242.12698364257812,779.0881652832031,158.15197372436523
46,1.5,34,0,person,0.6251391172409058,167.41331481933594,521.6458740234375,258.73626708984375,688.8021240234375,213.07479095458984,605.2239990234375
46,1.5,15,2,car,0.5672800540924072,681.72607421875,280.503662109375,942.082275390625,520.1563720703125,811.9041748046875,400.33001708984375
47,1.5333333333333334,14,9,traffic light,0.889085054397583,1800.845947265625,807.655517578125,1840.398193359375,913.1942138671875,1820.6220703125,860.4248657226562
47,1.5333333333333334,2,2,car,0.8468806147575378,1286.0306396484375,257.39715576171875,1515.005126953125,471.1590270996094,1400.5178833007812,364.27809143066406
47,1.5333333333333334,1,2,car,0.8423776626586914,1601.1727294921875,238.29776000976562,1831.2850341796875,456.5478515625,1716.2288818359375,347.4228057861328
47,1.5333333333333334,4,2,car,0.7721620798110962,1723.223388671875,32.89100646972656,1919.26708984375,246.92784118652344,1821.2452392578125,139.909423828125
47,1.5333333333333334,5,2,car,0.7388995289802551,1379.46826171875,83.27398681640625,1594.1766357421875,286.71630859375,1486.8224487304688,184.99514770507812
47,1.5333333333333334,8,2,car,0.613736093044281,1019.0697021484375,192.89620971679688,1258.47900390625,447.5600280761719,1138.7743530273438,320.2281188964844
47,1.5333333333333334,35,0,person,0.5893759727478027,1341.781005859375,528.2891235351562,1401.130859375,711.619140625,1371.4559326171875,619.9541320800781
47,1.5333333333333334,31,0,person,0.5709044337272644,699.4298095703125,86.98102569580078,782.3837890625,261.3428039550781,740.9067993164062,174.16191482543945
47,1.5333333333333334,24,0,person,0.5440285205841064,490.6355895996094,133.59890747070312,559.7357177734375,311.75360107421875,525.1856536865234,222.67625427246094
47,1.5333333333333334,13,2,car,0.5032300353050232,1503.7659912109375,0.7066383361816406,1704.369140625,112.01426696777344,1604.0675659179688,56.36045265197754
48,1.5666666666666667,2,2,car,0.829807460308075,1285.857666015625,257.42181396484375,1514.7822265625,468.6191711425781,1400.3199462890625,363.02049255371094
48,1.5666666666666667,14,9,traffic light,0.816469132900238,1800.243896484375,806.3607788085938,1839.311279296875,913.8707885742188,1819.777587890625,860.1157836914062
48,1.5666666666666667,1,2,car,0.7707894444465637,1590.1116943359375,237.80514526367188,1831.491943359375,459.06500244140625,1710.8018188476562,348.43507385253906
48,1.5666666666666667,4,2,car,0.7677626013755798,1723.49951171875,33.032066345214844,1919.26806640625,247.15341186523438,1821.3837890625,140.0927391052246
48,1.5666666666666667,5,2,car,0.7453963756561279,1379.54541015625,83.5052490234375,1593.8447265625,286.8595275878906,1486.695068359375,185.18238830566406
48,1.5666666666666667,8,2,car,0.5903934240341187,1019.0169067382812,191.865234375,1258.955810546875,450.34197998046875,1138.9863586425781,321.1036071777344
48,1.5666666666666667,31,0,person,0.589050829410553,681.4898681640625,97.1982421875,744.4700927734375,264.29638671875,712.97998046875,180.747314453125
48,1.5666666666666667,24,0,person,0.5771945714950562,478.5758972167969,119.96885681152344,555.571533203125,297.2859191894531,517.0737152099609,208.62738800048828
48,1.5666666666666667,15,7,truck,0.5305472016334534,680.903564453125,281.9437255859375,942.8746948242188,523.328125,811.8891296386719,402.63592529296875
49,1.6,14,9,traffic light,0.832400381565094,1800.5576171875,807.00146484375,1839.88671875,913.1605224609375,1820.22216796875,860.0809936523438
49,1.6,1,2,car,0.8032799363136292,1600.4476318359375,238.529296875,1831.096435546875,457.36541748046875,1715.7720336914062,347.9473571777344
49,1.6,2,2,car,0.7909833788871765,1286.037841796875,257.0814514160156,1514.65478515625,468.6885681152344,1400.3463134765625,362.885009765625
49,1.6,4,2,car,0.7618215084075928,1723.3502197265625,33.437232971191406,1919.1295166015625,247.4205322265625,1821.2398681640625,140.42888259887695
49,1.6,5,2,car,0.7349106073379517,1379.265625,83.74539184570312,1593.69140625,285.6142578125,1486.478515625,184.67982482910156
49,1.6,8,2,car,0.6525286436080933,1017.5802001953125,192.41844177246094,1259.3577880859375,445.2062072753906,1138.468994140625,318.8123245239258
49,1.6,36,0,person,0.5794423818588257,1251.1474609375,525.0034790039062,1327.4228515625,704.7284545898438,1289.28515625,614.865966796875
49,1.6,24,0,person,0.55730140209198,479.4803466796875,103.67265319824219,551.801513671875,277.8668518066406,515.6409301757812,190.7697525024414
49,1.6,37,0,person,0.5487807989120483,803.5036010742188,501.2149658203125,887.0733032226562,680.5968017578125,845.2884521484375,590.9058837890625
49,1.6,31,0,person,0.5440683364868164,640.2003784179688,103.74948120117188,726.9125366210938,266.4700012207031,683.5564575195312,185.1097412109375
50,1.6333333333333333,1,2,car,0.8191700577735901,1599.1871337890625,238.54580688476562,1831.2879638671875,457.5238037109375,1715.237548828125,348.03480529785156
50,1.6333333333333333,14,9,traffic light,0.8133010864257812,1800.4222412109375,807.5078125,1840.3311767578125,913.614013671875,1820.376708984375,860.5609130859375
50,1.6333333333333333,2,2,car,0.7882345914840698,1285.3311767578125,258.575927734375,1515.5167236328125,469.13568115234375,1400.4239501953125,363.8558044433594
50,1.6333333333333333,4,2,car,0.7824553847312927,1723.46533203125,33.569091796875,1919.14697265625,247.5622100830078,1821.30615234375,140.5656509399414
50,1.6333333333333333,5,2,car,0.7541549205780029,1379.470458984375,84.68704223632812,1592.686279296875,284.43157958984375,1486.078369140625,184.55931091308594
50,1.6333333333333333,15,2,car,0.6478032469749451,682.74951171875,279.51025390625,943.337890625,518.389404296875,813.043701171875,398.9498291015625
50,1.6333333333333333,31,0,person,0.6377000212669373,600.0948486328125,103.0557861328125,682.787109375,270.5018310546875,641.4409790039062,186.77880859375
50,1.6333333333333333,8,2,car,0.5922310948371887,1016.9617309570312,193.86373901367188,1259.50634765625,443.0052795410156,1138.2340393066406,318.43450927734375
50,1.6333333333333333,24,0,person,0.5879377126693726,479.13751220703125,91.93208312988281,548.3308715820312,272.5928955078125,513.7341918945312,182.26248931884766
50,1.6333333333333333,38,0,person,0.5099608898162842,1212.736572265625,524.1763916015625,1261.03466796875,703.7539672851562,1236.8856201171875,613.9651794433594
50,1.6333333333333333,13,2,car,0.5048955082893372,1504.0615234375,0.72564697265625,1704.32275390625,112.4286117553711,1604.192138671875,56.57712936401367
51,1.6666666666666667,2,2,car,0.8232237696647644,1285.701416015625,255.3175048828125,1515.436767578125,471.43798828125,1400.569091796875,363.37774658203125
51,1.6666666666666667,1,2,car,0.8178229331970215,1599.6119384765625,239.13784790039062,1830.9730224609375,457.4534912109375,1715.29248046875,348.29566955566406
51,1.6666666666666667,14,9,traffic light,0.8002868890762329,1800.4603271484375,807.04345703125,1840.0865478515625,913.4918212890625,1820.2734375,860.2676391601562
51,1.6666666666666667,4,2,car,0.7889180183410645,1723.83740234375,33.98158264160156,1919.15234375,247.9833526611328,1821.494873046875,140.9824676513672
51,1.6666666666666667,5,2,car,0.7488101720809937,1380.44287109375,83.62693786621094,1593.957275390625,288.365478515625,1487.2000732421875,185.99620819091797
51,1.6666666666666667,8,2,car,0.697369396686554,1020.2528686523438,193.1660614013672,1259.98583984375,446.4934387207031,1140.1193542480469,319.82975006103516
51,1.6666666666666667,24,0,person,0.648006021976471,476.8038024902344,76.85606384277344,548.1282958984375,254.704833984375,512.4660491943359,165.78044891357422
51,1.6666666666666667,31,0,person,0.5975350141525269,583.0907592773438,115.14546203613281,661.0074462890625,278.59686279296875,622.0491027832031,196.87116241455078
51,1.6666666666666667,13,2,car,0.5096173286437988,1504.438720703125,0.6829833984375,1705.1553955078125,112.18281555175781,1604.7970581054688,56.432899475097656
52,1.7,1,2,car,0.8142417073249817,1599.8726806640625,239.05062866210938,1830.884033203125,457.75543212890625,1715.3783569335938,348.4030303955078
52,1.7,14,9,traffic light,0.803639829158783,1800.556640625,807.4905395507812,1840.270751953125,913.5693969726562,1820.4136962890625,860.5299682617188
52,1.7,4,2,car,0.7646864652633667,1723.768798828125,33.67936706542969,1919.126220703125,247.6571502685547,1821.447509765625,140.6682586669922
52,1.7,2,2,car,0.7643353343009949,1284.817626953125,258.4996643066406,1515.7803955078125,471.56561279296875,1400.2990112304688,365.0326385498047
52,1.7,5,2,car,0.7277839183807373,1380.3284912109375,84.05561828613281,1593.7613525390625,287.50982666015625,1487.044921875,185.78272247314453
52,1.7,8,2,car,0.6936049461364746,1019.3477783203125,193.01193237304688,1259.7952880859375,448.098876953125,1139.571533203125,320.55540466308594
52,1.7,39,2,car,0.6817023754119873,122.52802276611328,921.7879028320312,667.841796875,1069.0263671875,395.18490982055664,995.4071350097656
52,1.7,24,0,person,0.5836619138717651,483.2890319824219,60.03838348388672,555.986572265625,234.61325073242188,519.6378021240234,147.3258171081543
52,1.7,25,0,person,0.5555116534233093,341.9671630859375,545.31689453125,403.073486328125,710.6527099609375,372.52032470703125,627.9848022460938
53,1.7333333333333334,1,2,car,0.8242025375366211,1599.495361328125,238.5681610107422,1831.578857421875,457.7919921875,1715.537109375,348.1800765991211
53,1.7333333333333334,2,2,car,0.8027474880218506,1290.2640380859375,256.73175048828125,1514.484375,467.542724609375,1402.3742065429688,362.1372375488281
53,1.7333333333333334,4,2,car,0.7663503289222717,1723.79296875,33.45508575439453,1919.1221923828125,247.46231079101562,1821.4575805664062,140.45869827270508
53,1.7333333333333334,5,2,car,0.7307673096656799,1379.954833984375,84.88066864013672,1592.51318359375,287.0566711425781,1486.2340087890625,185.96866989135742
53,1.7333333333333334,8,2,car,0.7277644276618958,1019.42822265625,192.7734375,1259.527099609375,449.04638671875,1139.4776611328125,320.909912109375
53,1.7333333333333334,31,0,person,0.5404092073440552,537.1976318359375,130.23550415039062,610.34375,296.85736083984375,573.7706909179688,213.5464324951172
53,1.7333333333333334,13,2,car,0.5137818455696106,1504.2822265625,0.3850822448730469,1705.1246337890625,112.44976043701172,1604.7034301757812,56.41742134094238
53,1.7333333333333334,24,0,person,0.5076974630355835,490.2608642578125,48.847412109375,557.8427734375,225.7666015625,524.0518188476562,137.3070068359375
54,1.7666666666666666,29,2,car,0.899652361869812,1464.25732421875,736.2046508789062,1918.9449462890625,931.0193481445312,1691.6011352539062,833.6119995117188
54,1.7666666666666666,2,2,car,0.8430090546607971,1285.8328857421875,256.602294921875,1514.9970703125,467.6752624511719,1400.4149780273438,362.13877868652344
54,1.7666666666666666,1,2,car,0.8268653154373169,1599.8148193359375,238.6680450439453,1830.6456298828125,457.889404296875,1715.230224609375,348.27872467041016
54,1.7666666666666666,4,2,car,0.7681620121002197,1723.2490234375,32.83637237548828,1919.264892578125,247.78466796875,1821.2569580078125,140.31052017211914
54,1.7666666666666666,5,2,car,0.7497461438179016,1380.58251953125,83.72964477539062,1593.6939697265625,287.80963134765625,1487.1382446289062,185.76963806152344
54,1.7666666666666666,8,2,car,0.729263961315155,1019.3966674804688,192.92889404296875,1260.89013671875,450.1154479980469,1140.1434020996094,321.5221710205078
54,1.7666666666666666,40,0,person,0.6214473247528076,1035.410888671875,503.82257080078125,1104.9107666015625,708.7062377929688,1070.1608276367188,606.264404296875
54,1.7666666666666666,36,0,person,0.5981840491294861,1266.273681640625,560.4940185546875,1364.255615234375,743.7570190429688,1315.2646484375,652.1255187988281
54,1.7666666666666666,31,0,person,0.5902313590049744,520.2474365234375,141.91156005859375,592.139404296875,309.2240905761719,556.1934204101562,225.5678253173828
54,1.7666666666666666,25,0,person,0.5280654430389404,340.923095703125,570.723876953125,405.2542419433594,728.4470825195312,373.0886688232422,649.5854797363281
54,1.7666666666666666,15,2,car,0.517934262752533,681.6131591796875,282.22088623046875,941.9976196289062,517.7645263671875,811.8053894042969,399.9927062988281
55,1.8,2,2,car,0.8307093977928162,1286.4378662109375,257.2624206542969,1516.1195068359375,470.1796875,1401.2786865234375,363.72105407714844
55,1.8,1,2,car,0.817746102809906,1599.7921142578125,238.4691925048828,1830.0150146484375,457.81304931640625,1714.903564453125,348.14112091064453
55,1.8,14,9,traffic light,0.7952434420585632,1800.7467041015625,805.7202758789062,1840.5362548828125,912.9856567382812,1820.6414794921875,859.3529663085938
55,1.8,4,2,car,0.7590930461883545,1723.1707763671875,33.191322326660156,1919.1280517578125,247.7346954345703,1821.1494140625,140.46300888061523
55,1.8,5,2,car,0.7408412098884583,1380.9642333984375,83.75331115722656,1593.7554931640625,288.48956298828125,1487.35986328125,186.1214370727539
55,1.8,8,2,car,0.653315544128418,1019.53271484375,191.983154296875,1258.421630859375,448.168212890625,1138.9771728515625,320.07568359375
55,1.8,25,0,person,0.5788878798484802,377.4540710449219,566.25732421875,449.6923828125,722.64697265625,413.57322692871094,644.4521484375
55,1.8,35,0,person,0.5160471200942993,1337.76806640625,581.6824951171875,1436.067138671875,739.165771484375,1386.9176025390625,660.4241333007812
56,1.8333333333333333,14,9,traffic light,0.856216549873352,1800.476806640625,807.5095825195312,1839.9375,913.6492309570312,1820.2071533203125,860.5794067382812
56,1.8333333333333333,2,2,car,0.8492502570152283,1285.8126220703125,256.73175048828125,1516.252685546875,470.3200378417969,1401.0326538085938,363.52589416503906
56,1.8333333333333333,1,2,car,0.8093645572662354,1599.794677734375,238.60702514648438,1830.3555908203125,457.4564208984375,1715.0751342773438,348.03172302246094
56,1.8333333333333333,4,2,car,0.7589379549026489,1723.1978759765625,33.398597717285156,1919.1229248046875,247.90777587890625,1821.160400390625,140.6531867980957
56,1.8333333333333333,5,2,car,0.7413029670715332,1381.0924072265625,83.53514099121094,1593.6163330078125,287.8794250488281,1487.3543701171875,185.70728302001953
56,1.8333333333333333,8,2,car,0.661880612373352,1019.300537109375,194.36631774902344,1257.1607666015625,449.5020751953125,1138.2306518554688,321.93419647216797
56,1.8333333333333333,38,0,person,0.5979717969894409,1181.24267578125,479.18365478515625,1270.2095947265625,653.2802734375,1225.7261352539062,566.2319641113281
56,1.8333333333333333,41,0,person,0.5423217415809631,1127.50830078125,500.1645812988281,1204.0545654296875,671.2059326171875,1165.7814331054688,585.6852569580078
57,1.8666666666666667,14,9,traffic light,0.8565241098403931,1800.6683349609375,807.2215576171875,1840.25244140625,913.2352294921875,1820.4603881835938,860.2283935546875
57,1.8666666666666667,2,2,car,0.8478032350540161,1286.4794921875,256.7933654785156,1516.12744140625,469.0821533203125,1401.303466796875,362.93775939941406
57,1.8666666666666667,1,2,car,0.8166242837905884,1599.42529296875,238.18734741210938,1830.420166015625,457.20538330078125,1714.9227294921875,347.6963653564453
57,1.8666666666666667,4,2,car,0.7716882824897766,1723.0140380859375,31.967994689941406,1919.3118896484375,248.1429443359375,1821.1629638671875,140.05546951293945
57,1.8666666666666667,5,2,car,0.7402898669242859,1380.7130126953125,83.61323547363281,1593.535400390625,287.4180908203125,1487.1242065429688,185.51566314697266
57,1.8666666666666667,38,0,person,0.7282465696334839,1171.3126220703125,501.90301513671875,1233.97509765625,676.9473876953125,1202.6438598632812,589.4252014160156
57,1.8666666666666667,8,2,car,0.6741918921470642,1019.5198974609375,191.7791748046875,1258.562255859375,447.859375,1139.0410766601562,319.81927490234375
57,1.8666666666666667,42,0,person,0.6589297652244568,50.02863693237305,588.4688720703125,111.42385864257812,755.740234375,80.72624778747559,672.1045532226562
57,1.8666666666666667,26,0,person,0.5096498727798462,4.389364242553711,541.109619140625,66.48056030273438,754.9440307617188,35.43496227264404,648.0268249511719
57,1.8666666666666667,13,2,car,0.5036463141441345,1504.00390625,0.46035003662109375,1705.4423828125,112.50224304199219,1604.72314453125,56.48129653930664
58,1.9,2,2,car,0.8437756299972534,1286.8392333984375,257.53582763671875,1516.1142578125,468.9375,1401.4767456054688,363.2366638183594
58,1.9,14,9,traffic light,0.8013626337051392,1801.156005859375,808.0515747070312,1841.4736328125,913.154296875,1821.3148193359375,860.6029357910156
58,1.9,1,2,car,0.7923006415367126,1599.7489013671875,238.27139282226562,1830.4544677734375,456.6131591796875,1715.1016845703125,347.44227600097656
58,1.9,4,2,car,0.7528032064437866,1722.579345703125,33.98542785644531,1919.255859375,248.00001525878906,1820.9176025390625,140.9927215576172
58,1.9,5,2,car,0.7285612225532532,1380.8798828125,83.75919342041016,1593.699951171875,286.8504943847656,1487.2899169921875,185.3048439025879
58,1.9,42,0,person,0.708249032497406,50.037139892578125,592.5309448242188,111.18467712402344,755.442138671875,80.61090850830078,673.9865417480469
58,1.9,37,0,person,0.6614505052566528,818.17626953125,555.943359375,914.1781005859375,732.1917114257812,866.1771850585938,644.0675354003906
58,1.9,8,2,car,0.6590323448181152,1019.01708984375,192.25836181640625,1259.6231689453125,446.1905517578125,1139.3201293945312,319.2244567871094
58,1.9,26,0,person,0.5893433094024658,9.251884460449219,560.2998046875,67.39851379394531,754.9689331054688,38.325199127197266,657.6343688964844
58,1.9,28,0,person,0.5640279054641724,579.8439331054688,523.205810546875,698.0928955078125,733.6107788085938,638.9684143066406,628.4082946777344
58,1.9,44,0,person,0.5418311953544617,116.4869384765625,346.6766662597656,166.774658203125,513.6234741210938,141.63079833984375,430.1500701904297
58,1.9,15,2,car,0.5264264941215515,681.9962768554688,284.21893310546875,942.3372802734375,516.6588745117188,812.1667785644531,400.43890380859375
58,1.9,43,0,person,0.5003629922866821,275.66290283203125,351.27484130859375,330.1002502441406,503.051513671875,302.88157653808594,427.1631774902344
59,1.9333333333333333,2,2,car,0.845199704170227,1286.493408203125,256.72686767578125,1516.36474609375,468.85601806640625,1401.4290771484375,362.79144287109375
59,1.9333333333333333,14,9,traffic light,0.8185378313064575,1800.8719482421875,807.1541748046875,1840.9427490234375,912.8719482421875,1820.9073486328125,860.0130615234375
59,1.9333333333333333,1,2,car,0.8103054165840149,1599.708251953125,238.090576171875,1831.0078125,456.8460388183594,1715.3580322265625,347.4683074951172
59,1.9333333333333333,4,2,car,0.7714267373085022,1723.3194580078125,33.9005126953125,1919.3009033203125,248.0684814453125,1821.3101806640625,140.9844970703125
59,1.9333333333333333,5,2,car,0.737647533416748,1380.928955078125,83.18682861328125,1593.784912109375,287.68841552734375,1487.35693359375,185.4376220703125
59,1.9333333333333333,45,0,person,0.7291770577430725,1259.860107421875,497.7923583984375,1318.90283203125,670.541015625,1289.3814697265625,584.1666870117188
59,1.9333333333333333,39,2,car,0.6899942755699158,2.89251708984375,929.3646240234375,575.3687744140625,1072.900634765625,289.1306457519531,1001.1326293945312
59,1.9333333333333333,8,2,car,0.6711826920509338,1017.8770751953125,192.34213256835938,1259.593505859375,443.3224182128906,1138.7352905273438,317.832275390625
59,1.9333333333333333,37,0,person,0.6021713614463806,829.7337646484375,519.019775390625,881.618896484375,707.9501953125,855.6763305664062,613.4849853515625
59,1.9333333333333333,42,0,person,0.560829758644104,49.855316162109375,593.7900390625,111.21780395507812,751.5546875,80.53656005859375,672.67236328125
59,1.9333333333333333,34,0,person,0.5467126369476318,197.91879272460938,506.3440246582031,262.89825439453125,681.4842529296875,230.4085235595703,593.9141387939453
59,1.9333333333333333,43,0,person,0.5106779932975769,275.8492126464844,351.4001770019531,330.2644958496094,503.4169006347656,303.0568542480469,427.4085388183594
59,1.9333333333333333,44,0,person,0.5056699514389038,117.09846496582031,351.09539794921875,169.36395263671875,511.9365234375,143.23120880126953,431.5159606933594
60,1.9666666666666666,14,9,traffic light,0.8520082235336304,1800.8646240234375,808.1361694335938,1840.72119140625,913.0072631835938,1820.7929077148438,860.5717163085938
60,1.9666666666666666,2,2,car,0.8400352597236633,1286.4635009765625,256.7732849121094,1515.9693603515625,469.6496887207031,1401.2164306640625,363.21148681640625
60,1.9666666666666666,1,2,car,0.7929667234420776,1600.6644287109375,237.7020721435547,1829.8260498046875,456.90625,1715.2452392578125,347.30416107177734
60,1.9666666666666666,4,2,car,0.7837782502174377,1722.052734375,33.851600646972656,1919.208251953125,248.13858032226562,1820.6304931640625,140.99509048461914
60,1.9666666666666666,34,0,person,0.744326651096344,159.615234375,512.005615234375,248.5228729248047,687.9226684570312,204.06905364990234,599.9641418457031
60,1.9666666666666666,5,2,car,0.7340819239616394,1380.8822021484375,84.65559387207031,1593.529296875,286.4819641113281,1487.2057495117188,185.56877899169922
60,1.9666666666666666,8,2,car,0.687499463558197,1019.8500366210938,192.6544647216797,1259.48388671875,445.85504150390625,1139.6669616699219,319.25475311279297
60,1.9666666666666666,45,0,person,0.6434133052825928,1277.5693359375,502.4982604980469,1380.406494140625,684.2305908203125,1328.9879150390625,593.3644256591797
60,1.9666666666666666,28,0,person,0.597224771976471,614.8310546875,528.7779541015625,693.0548095703125,691.1270751953125,653.9429321289062,609.9525146484375
60,1.9666666666666666,13,2,car,0.5058264136314392,1504.339599609375,1.4117317199707031,1702.6124267578125,110.55615234375,1603.4760131835938,55.98394203186035
61,2.0,14,9,traffic light,0.8446057438850403,1800.9832763671875,808.4228515625,1840.8072509765625,912.8348388671875,1820.895263671875,860.6288452148438
61,2.0,2,2,car,0.824660062789917,1285.952392578125,256.99462890625,1515.73046875,469.4964599609375,1400.8414306640625,363.24554443359375
61,2.0,1,2,car,0.7861930131912231,1600.8408203125,237.3694610595703,1829.689208984375,458.3268127441406,1715.2650146484375,347.84813690185547
61,2.0,4,2,car,0.7791094779968262,1724.1236572265625,33.11293029785156,1919.1617431640625,248.42189025878906,1821.6427001953125,140.7674102783203
61,2.0,5,2,car,0.7746557593345642,1381.0162353515625,85.16925048828125,1594.1357421875,286.62384033203125,1487.5759887695312,185.89654541015625
61,2.0,8,2,car,0.7279038429260254,1019.2205200195312,192.58200073242188,1260.17626953125,445.8057861328125,1139.6983947753906,319.1938934326172
61,2.0,34,0,person,0.5584770441055298,136.35467529296875,512.6768188476562,217.9527587890625,688.41650390625,177.15371704101562,600.5466613769531
61,2.0,42,0,person,0.5502989292144775,49.15776443481445,591.766357421875,109.6268310546875,756.6278076171875,79.39229774475098,674.1970825195312
62,2.033333333333333,14,9,traffic light,0.869319498538971,1800.98486328125,808.4624633789062,1841.08056640625,913.0347290039062,1821.03271484375,860.7485961914062
62,2.033333333333333,2,2,car,0.8229739665985107,1286.218505859375,256.66839599609375,1515.755126953125,468.3602600097656,1400.98681640625,362.5143280029297
62,2.033333333333333,1,2,car,0.7804434299468994,1600.6666259765625,237.8539581298828,1830.4984130859375,459.132080078125,1715.58251953125,348.4930191040039
62,2.033333333333333,4,2,car,0.763210654258728,1724.5162353515625,33.450347900390625,1919.1998291015625,247.8267822265625,1821.8580322265625,140.63856506347656
62,2.033333333333333,8,2,car,0.7592934966087341,1019.5973510742188,192.35137939453125,1259.92578125,445.4654541015625,1139.7615661621094,318.9084167480469
62,2.033333333333333,5,2,car,0.7428981065750122,1381.260009765625,83.68086242675781,1593.35791015625,286.9959411621094,1487.3089599609375,185.3384017944336
62,2.033333333333333,34,0,person,0.6244106292724609,127.63783264160156,514.790771484375,199.47042846679688,696.510498046875,163.55413055419922,605.650634765625
62,2.033333333333333,25,0,person,0.5530385971069336,420.8231506347656,546.9215698242188,521.4498291015625,745.4603271484375,471.13648986816406,646.1909484863281
62,2.033333333333333,42,0,person,0.5059178471565247,47.68840026855469,598.298828125,109.70986938476562,756.15478515625,78.69913482666016,677.226806640625
62,2.033333333333333,44,0,person,0.5013710260391235,116.03660583496094,348.99932861328125,167.31484985351562,509.36346435546875,141.67572784423828,429.181396484375
63,2.066666666666667,14,9,traffic light,0.86876380443573,1800.83935546875,809.9002075195312,1841.3818359375,913.5847778320312,1821.110595703125,861.7424926757812
63,2.066666666666667,2,2,car,0.8288686275482178,1287.698974609375,256.1514892578125,1516.986328125,467.41119384765625,1402.3426513671875,361.7813415527344
63,2.066666666666667,1,2,car,0.782162606716156,1602.3896484375,238.4142608642578,1830.7862548828125,458.8360595703125,1716.5879516601562,348.62516021728516
63,2.066666666666667,8,2,car,0.7656598687171936,1020.3331298828125,192.15133666992188,1261.0823974609375,444.8536376953125,1140.707763671875,318.5024871826172
63,2.066666666666667,4,2,car,0.7626057267189026,1725.35498046875,33.669525146484375,1919.235107421875,248.4089813232422,1822.2950439453125,141.03925323486328
63,2.066666666666667,5,2,car,0.6980955600738525,1382.3997802734375,83.62930297851562,1593.822509765625,288.41717529296875,1488.1111450195312,186.0232391357422
63,2.066666666666667,15,2,car,0.59319669008255,683.7691040039062,282.7804870605469,943.6322021484375,517.672119140625,813.7006530761719,400.22630310058594
63,2.066666666666667,34,0,person,0.5607177019119263,127.42131042480469,524.895263671875,191.94781494140625,701.069091796875,159.68456268310547,612.982177734375
63,2.066666666666667,28,0,person,0.5296981930732727,615.76416015625,556.0369262695312,670.659423828125,734.6993408203125,643.2117919921875,645.3681335449219
63,2.066666666666667,44,0,person,0.5255205631256104,117.84425354003906,349.35455322265625,169.10400390625,511.205810546875,143.47412872314453,430.2801818847656
63,2.066666666666667,42,0,person,0.5214581489562988,48.85788345336914,593.1337890625,110.0215072631836,756.3856201171875,79.43969535827637,674.7597045898438
64,2.1,39,2,car,0.8553608655929565,0.7181625366210938,883.238525390625,311.17803955078125,1080.0,155.94810104370117,981.6192626953125
64,2.1,2,2,car,0.8236277103424072,1286.33203125,256.7173767089844,1515.892822265625,467.68707275390625,1401.1124267578125,362.2022247314453
64,2.1,14,9,traffic light,0.8140950798988342,1801.259765625,806.32177734375,1841.59130859375,912.8642578125,1821.425537109375,859.593017578125
64,2.1,1,2,car,0.7909552454948425,1599.8193359375,237.4735107421875,1831.199462890625,458.8433532714844,1715.5093994140625,348.15843200683594
64,2.1,4,2,car,0.7732155919075012,1723.379150390625,33.255409240722656,1919.27197265625,248.03562927246094,1821.3255615234375,140.6455192565918
64,2.1,8,2,car,0.7183548212051392,1019.2406616210938,192.80374145507812,1260.026611328125,445.7342834472656,1139.6336364746094,319.2690124511719
64,2.1,5,2,car,0.7178096175193787,1380.0318603515625,74.10951232910156,1593.9700927734375,288.24603271484375,1487.0009765625,181.17777252197266
64,2.1,34,0,person,0.619111955165863,119.89979553222656,526.453369140625,183.0380859375,704.0879516601562,151.46894073486328,615.2706604003906
64,2.1,37,0,person,0.6082391142845154,817.0206298828125,517.6566162109375,873.087158203125,686.3502197265625,845.0538940429688,602.00341796875
64,2.1,42,0,person,0.5129444003105164,48.39983367919922,589.6309814453125,108.12334442138672,756.477294921875,78.26158905029297,673.0541381835938
65,2.1333333333333333,39,2,car,0.8813528418540955,96.49383544921875,887.0011596679688,592.109619140625,1080.0,344.3017272949219,983.5005798339844
65,2.1333333333333333,14,9,traffic light,0.8499194383621216,1801.097900390625,807.8182983398438,1840.4666748046875,912.9812622070312,1820.7822875976562,860.3997802734375
65,2.1333333333333333,2,2,car,0.8372133374214172,1286.484619140625,256.3576354980469,1515.7362060546875,467.6173095703125,1401.1104125976562,361.9874725341797
65,2.1333333333333333,1,2,car,0.8121317625045776,1600.646484375,236.754638671875,1830.129638671875,458.9212646484375,1715.3880615234375,347.83795166015625
65,2.1333333333333333,4,2,car,0.7637760639190674,1723.5234375,32.66578674316406,1919.274169921875,247.7549285888672,1821.3988037109375,140.21035766601562
65,2.1333333333333333,8,2,car,0.7395184636116028,1018.9317626953125,192.39706420898438,1260.324462890625,447.7565002441406,1139.6281127929688,320.0767822265625
65,2.1333333333333333,5,2,car,0.7313936948776245,1381.0096435546875,81.94532775878906,1594.28369140625,287.3138122558594,1487.6466674804688,184.62957000732422
65,2.1333333333333333,46,0,person,0.6993501782417297,1491.1884765625,519.319091796875,1602.11376953125,701.1376342773438,1546.651123046875,610.2283630371094
65,2.1333333333333333,34,0,person,0.554775595664978,112.6377182006836,526.31005859375,172.31613159179688,704.4622802734375,142.47692489624023,615.3861694335938
65,2.1333333333333333,42,0,person,0.5325455069541931,50.375484466552734,590.572998046875,107.95269012451172,755.3167724609375,79.16408729553223,672.9448852539062
65,2.1333333333333333,13,2,car,0.5028645992279053,1497.992919921875,0.8347320556640625,1705.06884765625,111.23663330078125,1601.5308837890625,56.035682678222656
66,2.1666666666666665,2,2,car,0.8416149020195007,1286.2496337890625,257.0654296875,1516.143798828125,467.363525390625,1401.1967163085938,362.2144775390625
66,2.1666666666666665,14,9,traffic light,0.8210456967353821,1800.3193359375,806.3580322265625,1840.0213623046875,913.17626953125,1820.1703491210938,859.7671508789062
66,2.1666666666666665,1,2,car,0.8189125061035156,1599.302490234375,237.55984497070312,1831.560791015625,456.9989318847656,1715.431640625,347.2793884277344
66,2.1666666666666665,4,2,car,0.7706804275512695,1723.209228515625,33.38225555419922,1919.14599609375,248.471435546875,1821.1776123046875,140.9268455505371
66,2.1666666666666665,8,2,car,0.7311730980873108,1017.8366088867188,192.465087890625,1260.597900390625,449.20025634765625,1139.2172546386719,320.8326721191406
66,2.1666666666666665,5,2,car,0.67110675573349,1382.435302734375,84.650390625,1593.9320068359375,286.4880065917969,1488.1836547851562,185.56919860839844
66,2.1666666666666665,34,0,person,0.6442006230354309,110.96736145019531,523.681884765625,173.00344848632812,705.8172607421875,141.98540496826172,614.7495727539062
66,2.1666666666666665,25,0,person,0.5423588752746582,464.6016540527344,554.8682861328125,567.8145751953125,745.7777709960938,516.2081146240234,650.3230285644531
66,2.1666666666666665,15,2,car,0.5366230607032776,684.2308959960938,281.9402770996094,942.3226318359375,515.9177856445312,813.2767639160156,398.9290313720703
66,2.1666666666666665,13,2,car,0.5307213068008423,1504.56640625,0.6362571716308594,1704.593017578125,111.02810668945312,1604.5797119140625,55.83218193054199
66,2.1666666666666665,42,0,person,0.5085505247116089,50.12178039550781,588.0506591796875,108.41439819335938,755.8606567382812,79.2680892944336,671.9556579589844
67,2.2,2,2,car,0.8253869414329529,1286.6099853515625,257.5789489746094,1515.9276123046875,467.7316589355469,1401.268798828125,362.6553039550781
67,2.2,1,2,car,0.7988905310630798,1598.208984375,237.65322875976562,1830.831298828125,457.8258056640625,1714.5201416015625,347.73951721191406
67,2.2,8,2,car,0.7681490778923035,1019.0407104492188,192.8353271484375,1259.651123046875,450.0333251953125,1139.3459167480469,321.434326171875
67,2.2,14,9,traffic light,0.7498605847358704,1800.402099609375,806.5570678710938,1840.629638671875,912.8150024414062,1820.515869140625,859.68603515625
67,2.2,5,2,car,0.7413662075996399,1380.147216796875,84.332275390625,1594.2989501953125,286.380126953125,1487.2230834960938,185.356201171875
67,2.2,4,2,car,0.7365267872810364,1722.674560546875,33.44691467285156,1919.130615234375,247.660400390625,1820.902587890625,140.55365753173828
67,2.2,40,0,person,0.6831961870193481,1031.41796875,454.0323486328125,1127.2957763671875,678.390625,1079.3568725585938,566.2114868164062
67,2.2,15,2,car,0.5685262084007263,683.1671752929688,282.6157531738281,942.3446044921875,517.6959228515625,812.7558898925781,400.1558380126953
68,2.2333333333333334,14,9,traffic light,0.8364541530609131,1800.5950927734375,806.2637329101562,1841.5001220703125,912.4850463867188,1821.047607421875,859.3743896484375
68,2.2333333333333334,2,2,car,0.8136186003684998,1286.693359375,258.0213317871094,1516.24462890625,467.6710510253906,1401.468994140625,362.84619140625
68,2.2333333333333334,1,2,car,0.7762609720230103,1599.127197265625,238.68634033203125,1830.91064453125,458.3901672363281,1715.0189208984375,348.5382537841797
68,2.2333333333333334,5,2,car,0.7419037818908691,1384.0111083984375,85.21051025390625,1595.364990234375,287.866943359375,1489.6880493164062,186.53872680664062
68,2.2333333333333334,4,2,car,0.7325731515884399,1723.9537353515625,33.53288269042969,1919.1016845703125,247.39825439453125,1821.5277099609375,140.46556854248047
68,2.2333333333333334,8,2,car,0.7095080018043518,1019.2723388671875,191.71243286132812,1259.2503662109375,452.2657470703125,1139.2613525390625,321.9890899658203
68,2.2333333333333334,47,0,person,0.6696724891662598,1651.6014404296875,519.8739013671875,1742.5224609375,705.9109497070312,1697.0619506835938,612.8924255371094
68,2.2333333333333334,15,2,car,0.6188533306121826,682.909912109375,282.47100830078125,942.7823486328125,519.2573852539062,812.8461303710938,400.86419677734375
68,2.2333333333333334,38,0,person,0.6181039810180664,1083.6607666015625,446.079345703125,1189.8389892578125,673.714599609375,1136.7498779296875,559.89697265625
68,2.2333333333333334,34,0,person,0.5062247514724731,109.31404113769531,520.6478881835938,172.90811157226562,706.3323364257812,141.11107635498047,613.4901123046875
69,2.2666666666666666,2,2,car,0.838146448135376,1286.97509765625,254.99270629882812,1515.858154296875,467.55816650390625,1401.4166259765625,361.2754364013672
69,2.2666666666666666,1,2,car,0.8004319071769714,1599.2369384765625,237.8686065673828,1831.4476318359375,457.36932373046875,1715.34228515625,347.6189651489258
69,2.2666666666666666,4,2,car,0.7801108956336975,1723.5186767578125,33.59026336669922,1919.1243896484375,247.44607543945312,1821.321533203125,140.51816940307617
69,2.2666666666666666,14,9,traffic light,0.7787117958068848,1801.248046875,806.35400390625,1841.411865234375,912.9783325195312,1821.3299560546875,859.6661682128906
69,2.2666666666666666,5,2,car,0.7524032592773438,1380.301513671875,83.73191833496094,1593.99609375,287.86248779296875,1487.1488037109375,185.79720306396484
69,2.2666666666666666,8,2,car,0.7498427033424377,1019.7110595703125,192.27305603027344,1259.7637939453125,452.17315673828125,1139.7374267578125,322.22310638427734
69,2.2666666666666666,47,0,person,0.7171254754066467,1689.60546875,522.6798706054688,1770.685302734375,697.5800170898438,1730.1453857421875,610.1299438476562
69,2.2666666666666666,15,2,car,0.5555581450462341,684.821044921875,280.3731994628906,942.7547607421875,517.1607055664062,813.7879028320312,398.76695251464844
69,2.2666666666666666,34,0,person,0.5308682918548584,106.85452270507812,522.0391845703125,167.31781005859375,714.4383544921875,137.08616638183594,618.23876953125
70,2.3,2,2,car,0.8353533148765564,1287.084716796875,255.0110321044922,1515.72998046875,467.061279296875,1401.4073486328125,361.0361557006836
70,2.3,1,2,car,0.8027744293212891,1599.72900390625,238.29185485839844,1830.87548828125,458.5223388671875,1715.30224609375,348.40709686279297
70,2.3,5,2,car,0.7636277079582214,1380.956298828125,83.51506805419922,1593.998779296875,288.70831298828125,1487.4775390625,186.11169052124023
70,2.3,8,2,car,0.7615435123443604,1019.8326416015625,191.9918975830078,1259.20751953125,447.3330078125,1139.5200805664062,319.6624526977539
70,2.3,4,2,car,0.7470384240150452,1724.1456298828125,33.62324523925781,1919.1126708984375,246.6562042236328,1821.629150390625,140.1397247314453
70,2.3,48,0,person,0.7207738161087036,1737.7174072265625,518.8892211914062,1831.5435791015625,704.289306640625,1784.6304931640625,611.5892639160156
70,2.3,42,0,person,0.5455127358436584,49.80563735961914,588.0030517578125,109.21755981445312,756.8594970703125,79.51159858703613,672.4312744140625
70,2.3,41,0,person,0.5371142625808716,1106.113525390625,525.104248046875,1183.996337890625,694.322265625,1145.054931640625,609.7132568359375
70,2.3,43,0,person,0.513122022151947,275.2943115234375,352.45184326171875,331.0652160644531,502.68109130859375,303.1797637939453,427.56646728515625
70,2.3,15,2,car,0.5120826363563538,682.5836791992188,281.9220886230469,943.0426025390625,514.109619140625,812.8131408691406,398.01585388183594
71,2.3333333333333335,39,2,car,0.8921210765838623,1.1437225341796875,902.8145141601562,508.4960632324219,1078.53125,254.81989288330078,990.6728820800781
71,2.3333333333333335,2,2,car,0.8324679732322693,1287.1453857421875,255.33505249023438,1515.64599609375,467.13299560546875,1401.3956909179688,361.23402404785156
71,2.3333333333333335,1,2,car,0.8142992258071899,1600.2001953125,237.48655700683594,1831.1240234375,459.78472900390625,1715.662109375,348.6356430053711
71,2.3333333333333335,8,2,car,0.7876285314559937,1019.6561279296875,192.30340576171875,1260.16748046875,445.43701171875,1139.9118041992188,318.8702087402344
71,2.3333333333333335,14,9,traffic light,0.7802525162696838,1800.90576171875,806.9016723632812,1841.185302734375,913.1636352539062,1821.0455322265625,860.0326538085938
71,2.3333333333333335,4,2,car,0.7587575316429138,1723.13671875,33.26747131347656,1919.12841796875,247.35594177246094,1821.132568359375,140.31170654296875
71,2.3333333333333335,5,2,car,0.7357949614524841,1381.4864501953125,83.549560546875,1593.967529296875,287.99041748046875,1487.7269897460938,185.76998901367188
71,2.3333333333333335,15,2,car,0.7060797810554504,683.00537109375,277.9576416015625,942.9684448242188,519.5252685546875,812.9869079589844,398.741455078125
71,2.3333333333333335,49,0,person,0.5901128649711609,279.96722412109375,562.73291015625,367.835205078125,742.1766357421875,323.9012145996094,652.4547729492188
71,2.3333333333333335,50,0,person,0.5535090565681458,1789.591552734375,517.2050170898438,1873.17333984375,708.6377563476562,1831.3824462890625,612.92138671875
71,2.3333333333333335,43,0,person,0.5451945662498474,275.5048828125,350.0047302246094,329.5729064941406,502.7428894042969,302.5388946533203,426.3738098144531
71,2.3333333333333335,44,0,person,0.5120943784713745,118.5479507446289,349.8163146972656,180.37158203125,508.8005676269531,149.45976638793945,429.3084411621094
71,2.3333333333333335,13,2,car,0.5024950504302979,1504.901611328125,0.9312744140625,1705.90234375,111.30770874023438,1605.4019775390625,56.11949157714844
72,2.3666666666666667,2,2,car,0.8498810529708862,1288.4249267578125,253.88246154785156,1514.5740966796875,468.97637939453125,1401.49951171875,361.4294204711914
72,2.3666666666666667,1,2,car,0.7814990878105164,1600.4234619140625,238.61801147460938,1827.7503662109375,458.5257568359375,1714.0869140625,348.57188415527344
72,2.3666666666666667,8,2,car,0.7800632119178772,1019.7877807617188,192.39541625976562,1259.94970703125,444.1644287109375,1139.8687438964844,318.27992248535156
72,2.3666666666666667,4,2,car,0.7558847069740295,1723.48779296875,32.47837829589844,1919.205810546875,247.74298095703125,1821.3468017578125,140.11067962646484
72,2.3666666666666667,5,2,car,0.7499292492866516,1382.333251953125,82.57775115966797,1594.083740234375,288.0499267578125,1488.20849609375,185.31383895874023
72,2.3666666666666667,14,9,traffic light,0.7245966792106628,1801.1700439453125,806.4915161132812,1841.6180419921875,912.7948608398438,1821.39404296875,859.6431884765625
72,2.3666666666666667,37,0,person,0.7055281400680542,814.4874267578125,443.7110595703125,903.7274169921875,624.533203125,859.107421875,534.1221313476562
72,2.3666666666666667,50,0,person,0.6981045007705688,1821.841552734375,512.2315673828125,1919.178955078125,712.0299072265625,1870.51025390625,612.1307373046875
72,2.3666666666666667,15,2,car,0.6252850294113159,683.1414184570312,272.9402160644531,943.92333984375,516.622802734375,813.5323791503906,394.78150939941406
72,2.3666666666666667,34,0,person,0.5853853821754456,110.1910171508789,519.830810546875,172.9290771484375,704.0487060546875,141.5600471496582,611.9397583007812
72,2.3666666666666667,13,2,car,0.5509556531906128,1505.1510009765625,0.7777175903320312,1706.181884765625,110.77108764648438,1605.6664428710938,55.7744026184082
72,2.3666666666666667,49,0,person,0.500245213508606,306.08258056640625,509.0563659667969,357.61083984375,684.985595703125,331.8467102050781,597.0209808349609
73,2.4,2,2,car,0.8606100678443909,1288.875244140625,254.33642578125,1513.765625,470.8564453125,1401.3204345703125,362.596435546875
73,2.4,14,9,traffic light,0.823032021522522,1801.218505859375,806.5784912109375,1841.013916015625,913.1282958984375,1821.1162109375,859.8533935546875
73,2.4,1,2,car,0.7787937521934509,1600.517578125,239.33981323242188,1827.642333984375,456.2569885253906,1714.0799560546875,347.79840087890625
73,2.4,8,2,car,0.7680940628051758,1019.669677734375,192.1674041748047,1260.90966796875,444.47186279296875,1140.2896728515625,318.3196334838867
73,2.4,4,2,car,0.7627432942390442,1723.939453125,33.468475341796875,1919.10498046875,247.631103515625,1821.522216796875,140.54978942871094
73,2.4,5,2,car,0.7574010491371155,1382.46240234375,83.51921081542969,1594.1385498046875,287.97552490234375,1488.3004760742188,185.74736785888672
73,2.4,50,0,person,0.618320643901825,1875.52978515625,518.8885498046875,1919.48828125,704.860595703125,1897.509033203125,611.8745727539062
73,2.4,34,0,person,0.5987843871116638,108.00370788574219,520.0724487304688,172.34115600585938,706.442626953125,140.17243194580078,613.2575378417969
73,2.4,15,2,car,0.5621112585067749,684.226318359375,267.70831298828125,944.0363159179688,517.1395874023438,814.1313171386719,392.4239501953125
73,2.4,13,2,car,0.5401604771614075,1505.168701171875,0.5861434936523438,1706.6048583984375,110.68121337890625,1605.8867797851562,55.6336784362793
73,2.4,49,0,person,0.5250862240791321,263.92010498046875,502.9671936035156,351.274169921875,681.919677734375,307.5971374511719,592.4434356689453
73,2.4,44,0,person,0.5227668285369873,119.93147277832031,346.5129699707031,171.8800048828125,508.5908203125,145.9057388305664,427.55189514160156
73,2.4,42,0,person,0.514713704586029,54.596580505371094,577.979248046875,112.30176544189453,756.713623046875,83.44917297363281,667.346435546875
74,2.433333333333333,2,2,car,0.8681961297988892,1286.65283203125,255.25088500976562,1515.95361328125,470.2891845703125,1401.30322265625,362.77003479003906
74,2.433333333333333,14,9,traffic light,0.8293006420135498,1801.4835205078125,807.3235473632812,1841.4876708984375,913.4100952148438,1821.485595703125,860.3668212890625
74,2.433333333333333,1,2,car,0.79937744140625,1598.9176025390625,238.8394775390625,1826.9425048828125,456.2275085449219,1712.9300537109375,347.5334930419922
74,2.433333333333333,4,2,car,0.7759060859680176,1724.0247802734375,33.38575744628906,1919.1192626953125,247.42538452148438,1821.572021484375,140.40557098388672
74,2.433333333333333,8,2,car,0.7557991743087769,1019.90869140625,194.47654724121094,1259.91748046875,443.67340087890625,1139.9130859375,319.0749740600586
74,2.433333333333333,5,2,car,0.7556009292602539,1381.66943359375,83.15503692626953,1594.057373046875,287.8966979980469,1487.8634033203125,185.5258674621582
74,2.433333333333333,13,2,car,0.5711028575897217,1504.779296875,0.6562728881835938,1705.8167724609375,111.45394897460938,1605.2980346679688,56.055110931396484
74,2.433333333333333,15,2,car,0.5573011040687561,683.5912475585938,281.6314697265625,943.2176513671875,516.771484375,813.4044494628906,399.20147705078125
74,2.433333333333333,44,0,person,0.5064036250114441,120.86114501953125,346.37652587890625,172.26959228515625,509.35504150390625,146.56536865234375,427.86578369140625
75,2.466666666666667,2,2,car,0.860565185546875,1286.41064453125,255.62635803222656,1515.89453125,471.52728271484375,1401.152587890625,363.57682037353516
75,2.466666666666667,14,9,traffic light,0.8475558757781982,1801.49560546875,807.8558349609375,1841.408203125,913.0081787109375,1821.451904296875,860.4320068359375
75,2.466666666666667,1,2,car,0.8088685870170593,1600.329833984375,239.0511932373047,1830.58837890625,456.6251220703125,1715.4591064453125,347.8381576538086
75,2.466666666666667,8,2,car,0.7831286787986755,1017.925048828125,192.38186645507812,1260.3028564453125,443.23333740234375,1139.1139526367188,317.80760192871094
75,2.466666666666667,4,2,car,0.7798144817352295,1724.0445556640625,32.98725128173828,1919.2437744140625,247.61578369140625,1821.6441650390625,140.30151748657227
75,2.466666666666667,5,2,car,0.7689436674118042,1380.3006591796875,84.1794662475586,1593.5899658203125,286.8846435546875,1486.9453125,185.53205490112305
75,2.466666666666667,52,0,person,0.7494074106216431,1454.4105224609375,490.89312744140625,1504.78466796875,667.10986328125,1479.5975952148438,579.0014953613281
75,2.466666666666667,40,0,person,0.7014931440353394,995.338623046875,435.0037536621094,1099.98193359375,611.1407470703125,1047.6602783203125,523.0722503662109
75,2.466666666666667,15,2,car,0.6541923880577087,683.376708984375,277.3621826171875,942.7406616210938,516.9423217773438,813.0586853027344,397.1522521972656
75,2.466666666666667,51,0,person,0.5667873620986938,158.29080200195312,215.88034057617188,222.92266845703125,381.6210021972656,190.6067352294922,298.75067138671875
75,2.466666666666667,13,2,car,0.5585007667541504,1504.871337890625,0.7883949279785156,1705.5457763671875,111.19470977783203,1605.2085571289062,55.99155235290527
